divipola_municipio;poblacion_total
11001;7181469
05001;2372330
76001;1822869
08001;1120103
13001;887946
25754;645205
54001;629414
08758;535984
68001;528855
73001;500686
05088;481901
47001;479853
20001;459349
50001;451212
23001;433723
66001;409670
17001;400436
52001;352326
41001;314526
76520;302642
19001;277270
63001;275641
68276;275109
70001;274622
05360;263332
76109;258445
05266;212437
68081;199564
66170;194890
76834;187159
44001;177573
15001;167991
44847;160711
44430;159223
68547;157425
85001;156942
18001;156789
68307;150610
52835;138091
25269;136041
25290;134658
76364;131806
25899;129652
25175;129613
25473;128893
13430;128003
27001;120679
15759;120462
41551;120287
08433;119920
76147;118803
47189;118435
15238;117606
05615;116400
76111;115821
05837;114434
05045;113469
54498;111643
25430;109696
52356;105517
13836;98667
23417;98491
23162;96252
19698;96032
20011;95878
76892;95040
23660;94020
54874;93735
25307;92903
08638;92480
25286;90854
23807;86578
05154;84717
76130;84661
05631;81797
54405;81411
25126;81111
50006;78199
05212;76479
05129;76260
81001;75735
44560;74528
23466;71824
66682;71174
17380;70802
63130;70662
73268;67983
05380;67881
13244;67461
13052;67118
47980;66802
70215;66350
41298;66311
50313;64932
47288;64833
17873;62831
08078;61527
23555;60259
47245;59594
05376;59386
20013;58621
86568;57255
23189;56278
47555;56210
05172;55564
05440;55230
08296;55123
68679;54687
41396;54405
76275;54207
76248;53983
05148;53949
70708;53340
81736;52884
15176;52321
54810;51399
05308;49045
17174;48484
86001;48422
17614;48329
27615;48257
95001;48086
70713;47952
08573;47899
05250;47642
44650;46077
05147;45936
54518;45521
13442;45324
81065;45268
15572;44784
05079;44757
70670;44617
73168;43795
88001;43754
76563;43552
13468;43217
99773;43138
91001;42844
23182;42680
05318;42500
52838;42413
18753;42390
23670;42046
50568;41017
44279;40852
23686;40617
81794;40311
19573;40244
23815;40033
25843;40001
76233;39665
25817;39416
76895;39343
23068;38816
19256;38688
05490;38420
05034;38144
19517;37666
20060;37531
47053;37476
20400;37356
68406;37214
76736;36827
05579;36801
05887;36337
44090;36196
19137;36139
19100;35837
13657;35438
23580;35362
63470;35324
20228;34838
20250;34620
73443;34505
85250;34446
47551;34374
52079;34248
73449;34136
05736;33690
19743;33508
85010;33440
19548;33431
73411;33262
86320;33003
25740;32803
52227;32672
70429;32622
63401;32564
41668;32409
19130;32237
19807;32217
08634;32026
70820;32012
25214;31868
05756;31861
17042;31811
85440;31727
68575;31698
76622;31658
15516;31141
05686;31067
19821;30654
23855;30545
05665;30527
73319;30516
05697;30311
20175;30289
76318;30275
54003;30191
70742;30188
41132;30183
94001;30104
68755;29997
19473;29737
73504;29665
25386;29452
23675;29437
68689;29427
76400;29388
63594;29117
23672;29028
05847;29004
73283;28920
68077;28769
08685;28693
19455;28662
52399;28659
19532;28586
20238;28550
44078;28549
25377;28501
47058;28348
50573;28270
27361;28087
18150;27939
68655;27845
13688;27825
97001;27709
08421;27647
25320;27571
86865;27455
73275;27334
63190;27135
08520;27098
20178;27006
23570;26968
44035;26940
05030;26821
19355;26571
17777;26571
05120;26460
47570;26419
76122;26357
05051;26289
20621;26109
13433;26075
54261;26019
25875;25957
66400;25900
47745;25804
68190;25782
70678;25511
08606;25467
19142;25416
47318;25312
68615;25266
19110;25257
66594;25213
23500;25095
44874;24996
25758;24838
13670;24669
41359;24593
41006;24562
18592;24395
41524;24243
05895;24067
05495;24066
19318;24037
70771;23971
27025;23954
50350;23877
05361;23784
52678;23727
25513;23726
73349;23616
13654;23576
23678;23532
08560;23420
05101;23361
13549;23349
05042;23216
20710;23040
20570;22929
41615;22877
41306;22871
05790;22826
08137;22810
25245;22775
47707;22723
05234;22717
73585;22682
86885;22630
05604;22530
70508;22384
50689;22281
13140;22202
76113;22052
05679;22030
19212;21975
25260;21887
70418;21831
85410;21709
19809;21618
73555;21557
66088;21450
52490;21415
50226;21397
54720;21243
13873;21135
25200;21102
52250;21071
41807;20919
19824;20870
15469;20848
05400;20769
17013;20712
05607;20700
25785;20602
25743;20581
17486;20495
20045;20477
20770;20452
25799;20386
05031;20265
41020;20259
70235;20239
73624;20220
05284;20156
19050;20136
86573;20045
70823;20033
05659;19992
52110;19951
68432;19884
25183;19825
99001;19788
19397;19777
19780;19690
23574;19474
68861;19376
47268;19345
08436;19233
73616;19090
54250;19075
76306;19069
05890;19010
73217;18999
19075;18910
13006;18879
47692;18865
52683;18859
52317;18845
08372;18828
05282;18790
19845;18761
13473;18678
27077;18561
20750;18531
19300;18513
20550;18497
20032;18434
13683;18375
23079;18344
52427;18262
73067;18237
47170;18208
76036;18132
54206;18112
52612;18067
05674;18051
70717;18029
05541;18010
13810;17939
05670;17792
18247;17775
44378;17672
68235;17638
50606;17610
05002;17599
05893;17597
15646;17542
86571;17495
81300;17492
47460;17470
17662;17466
41770;17376
17541;17342
73124;17309
47258;17308
05591;17231
05664;17119
70221;17091
73408;17084
27787;17000
20517;16800
17653;16759
76828;16688
52378;16674
52687;16653
25295;16633
17433;16532
50711;16525
19022;16523
13647;16518
52585;16431
19364;16353
23464;16264
08558;16222
23300;16215
66456;16203
41791;16108
05209;16095
76126;16054
54172;16021
41319;15913
23419;15886
25873;15834
05642;15782
76041;15668
08141;15631
70265;15618
25151;15594
13838;15550
66440;15455
76670;15450
52786;15412
25772;15401
13744;15353
76890;15325
19418;15154
05093;15097
25572;15019
13212;15012
05789;15012
25322;14992
20383;14989
54820;14962
19585;14952
25769;14874
23090;14831
85162;14828
52215;14827
19450;14824
41016;14817
70473;14793
05197;14743
23586;14705
15491;14651
13667;14504
05040;14502
05649;14480
13074;14435
66572;14429
20614;14408
15407;14406
47030;14294
73483;14292
05237;14208
15299;14145
86749;14104
73671;14099
20787;14063
47660;14060
86757;14054
76616;14045
13673;14039
15861;13984
76100;13954
15047;13860
50318;13857
13222;13821
05761;13748
23350;13742
25815;13649
50150;13611
05138;13595
17524;13560
05364;13541
23168;13492
13458;13470
70702;13437
27430;13423
70124;13331
85139;13291
52258;13255
17513;13214
27150;13189
05656;13158
13188;13120
25402;13085
18256;13014
68255;12966
52693;12929
76377;12879
13780;12845
76606;12816
54800;12727
08832;12718
08675;12650
15204;12636
05480;12607
25878;12589
68572;12586
05667;12578
70523;12534
41378;12475
52260;12457
20295;12444
68418;12433
17877;12432
52240;12419
25317;12405
47798;12364
27205;12251
41548;12246
25035;12241
25040;12204
25486;12198
27800;12192
76020;12186
05585;12161
17444;12146
73678;12139
73861;12137
18410;12128
27006;12095
76823;12091
54245;12001
19760;11958
44098;11934
27099;11933
66687;11787
13300;11770
85430;11734
68229;11653
08770;11607
50287;11599
27250;11579
66318;11532
25745;11526
73675;11514
50680;11512
05854;11511
70400;11510
73055;11440
50590;11433
85125;11431
13894;11367
18610;11364
63272;11345
95025;11340
15693;11329
47703;11279
05368;11257
15632;11161
05858;11134
86569;11122
05660;11120
41503;11111
47545;11071
25736;11067
23682;11059
76403;11058
54385;11040
68167;11035
15806;11023
76497;10970
25885;10887
25612;10788
52320;10774
76869;10766
25279;10749
25001;10742
66045;10707
85263;10675
27073;10583
52885;10579
50400;10576
25488;10555
54174;10554
05038;10500
52621;10473
41530;10454
25181;10397
05240;10338
52788;10331
18756;10331
25148;10301
05861;10280
41799;10273
41676;10215
25645;10214
52473;10206
44855;10198
52560;10186
68464;10165
15223;10164
27425;10140
52207;10117
68500;10117
41660;10076
73352;10057
70110;10007
25053;10005
54670;9961
19392;9935
52699;9869
17050;9854
17616;9840
25718;9807
19693;9806
05690;9786
70233;9786
13650;9776
41797;9767
50330;9751
54344;9745
13440;9720
17088;9690
99524;9690
47205;9681
25099;9674
25658;9644
73148;9643
17272;9630
68101;9567
47605;9555
08849;9543
25407;9425
27075;9417
47675;9360
47720;9345
19622;9336
20443;9313
25123;9274
68385;9238
47161;9225
73520;9210
05313;9204
13760;9187
18094;9075
27450;9073
41357;9064
52381;9047
13030;9009
68895;8997
52696;8989
50577;8982
52224;8975
52411;8974
27413;8928
05190;8910
15599;8889
52685;8874
05264;8820
68770;8771
54660;8768
19513;8763
15814;8707
52418;8703
25535;8686
95015;8648
54128;8642
25178;8633
47960;8606
05483;8603
41013;8593
05091;8589
50370;8549
15753;8538
73870;8530
76250;8513
17442;8485
85225;8469
52573;8446
15480;8323
05809;8316
15455;8274
50683;8242
05310;8235
25297;8203
54051;8202
52405;8201
52019;8197
17867;8172
27491;8164
15837;8154
52540;8149
85230;8142
05873;8139
54553;8139
13600;8125
15322;8123
50450;8086
13655;8079
25797;8072
13062;8058
25530;8043
68669;8035
52435;8013
27600;7974
05390;7974
15804;7966
15763;7953
05411;7928
68051;7913
27245;7900
13490;7899
91540;7896
73563;7893
13248;7861
68745;7842
05628;7833
70204;7803
15183;7778
52203;7764
73226;7762
25394;7708
73043;7658
54223;7648
68079;7647
52051;7626
25839;7583
63690;7578
47541;7569
25662;7547
85325;7537
25599;7533
18205;7518
15757;7509
18460;7507
73200;7495
52036;7481
13620;7454
05134;7432
52520;7430
25649;7417
05113;7409
50251;7397
76243;7393
41885;7380
41801;7376
25154;7345
15087;7322
15600;7312
05425;7297
25438;7281
73236;7274
54398;7237
13268;7234
94343;7207
05576;7202
13042;7169
05543;7155
15755;7133
19533;7125
63302;7121
52352;7112
52720;7041
41206;7040
05321;7038
05125;7018
25224;7013
15507;6997
54099;6972
44110;6963
41872;6943
25312;6922
15842;6905
25845;6902
13160;6874
52022;6872
68573;6861
86760;6836
15686;6826
05055;6752
68872;6738
25793;6735
73026;6712
41349;6700
68820;6680
41078;6679
54673;6677
15740;6649
73270;6612
15542;6604
27810;6590
52694;6572
73030;6524
15272;6523
05842;6523
52256;6498
52506;6488
68162;6460
41518;6424
52210;6421
54313;6408
25841;6390
05044;6388
50223;6377
73347;6368
15531;6355
52354;6351
15367;6333
85400;6317
05647;6295
52323;6290
05885;6234
76863;6233
52254;6223
52287;6211
19785;6201
76246;6179
66383;6178
41483;6168
25326;6148
25019;6136
25596;6114
18860;6082
25779;6073
25862;6063
25426;6057
68773;6044
50325;6036
52083;5968
17495;5949
05107;5946
50110;5946
15764;5904
05467;5881
15835;5856
52390;5847
15681;5839
25335;5809
68318;5762
15776;5755
54743;5713
05792;5663
27135;5663
68855;5648
08549;5636
25281;5578
73547;5574
86755;5572
54377;5550
63212;5535
27050;5519
68377;5505
73152;5496
15051;5465
05315;5452
50124;5432
05856;5431
18785;5431
25398;5429
54599;5420
05652;5365
15442;5354
05086;5349
13580;5335
68147;5328
17388;5325
52385;5321
68207;5300
25781;5258
15476;5253
25372;5234
68092;5230
25491;5211
86219;5204
73622;5161
15790;5150
73686;5128
52233;5096
19290;5089
05306;5057
19701;5045
05036;5027
15494;5025
15097;5024
73873;5021
15185;5013
66075;5009
76054;5008
95200;5007
05353;4950
54520;4944
05819;4930
25594;4929
63548;4877
25288;4849
76845;4844
15638;4823
68217;4816
25524;4735
25777;4726
27660;4721
05347;4709
54347;4702
54109;4698
27160;4683
15664;4658
05475;4642
52565;4619
68271;4603
54871;4602
15667;4551
88564;4545
68498;4537
15822;4530
27580;4525
17665;4524
18029;4514
25120;4512
68549;4508
73854;4502
68444;4499
15189;4492
15104;4472
25592;4453
70230;4425
68327;4405
15296;4395
54239;4390
25293;4378
15232;4347
68179;4341
15897;4301
15464;4300
05145;4269
15109;4240
15816;4224
25898;4211
15580;4194
41026;4169
81591;4169
68684;4153
68533;4144
68152;4130
25506;4130
27372;4108
68250;4097
73024;4091
20310;4053
15537;4047
25653;4043
25851;4032
99624;4026
52480;4007
15244;3999
68397;3989
05142;3967
97511;3956
68502;3955
25805;3944
05206;3936
15332;3921
68468;3915
15466;3895
54480;3891
68320;3880
25518;3865
05021;3839
05059;3819
25867;3806
91407;3781
68324;3751
41244;3736
50270;3699
81220;3644
15162;3636
54418;3609
25328;3604
15180;3587
15425;3568
15368;3540
25823;3537
15820;3531
68298;3529
68780;3520
15778;3501
15798;3461
25258;3458
27495;3456
73770;3446
68266;3394
73461;3389
15224;3375
25436;3354
18479;3350
05150;3343
25168;3323
68020;3317
25339;3311
15673;3307
68211;3296
15276;3186
91798;3179
68720;3166
15810;3154
15325;3112
15690;3109
54680;3087
15131;3086
25489;3086
15377;3075
25299;3055
85300;3046
15212;3019
68368;2991
15696;2959
05658;2952
44420;2952
15514;2930
68209;2915
15676;2901
15403;2872
15808;2869
15172;2842
97161;2827
68169;2824
15500;2797
15187;2783
27745;2768
15293;2744
63111;2741
54125;2733
05501;2719
15248;2715
68673;2706
15135;2705
68296;2682
15218;2628
15762;2586
15879;2582
15774;2555
25580;2525
15215;2479
68524;2467
25807;2439
68686;2433
15761;2377
68176;2364
91405;2357
68264;2334
15380;2300
15511;2275
68705;2239
15621;2230
25095;2224
68682;2167
05004;2159
68425;2130
68344;2120
25483;2101
17446;2081
15533;2061
15106;2054
68322;2052
15720;2026
25368;2025
97666;2010
85015;2009
25324;1977
15362;1944
15518;1941
15092;1895
91263;1885
68160;1869
68132;1832
15839;1794
15317;1790
68867;1762
25086;1720
25871;1712
85315;1675
15236;1669
68013;1662
15522;1644
94884;1643
68245;1643
15226;1628
68121;1621
15022;1582
15550;1582
50245;1575
15660;1572
15832;1526
15090;1453
91669;1450
94883;1411
68522;1253
85279;1247
85136;1227
94887;1182
68370;1163
50686;1149
15723;1048
91460;1023
94663;1011
15401;956
15114;903
94886;839
94888;812
91536;794
97889;756
91530;681
97777;432
94885;222
91430;166
