nombre_departamento,nombre_municipio,divipola_municipio,necesidades_basicas_insatisfechas_por_categorias_%_prop_de_personas_en_nbi_(%),ipm_total,monto_total_contratos
ANTIOQUIA,MEDELLÍN,05001,5.230398664972173,12.8,1714616672.0
ANTIOQUIA,ABEJORRAL,05002,13.958914243441644,40.6,0.0
ANTIOQUIA,ABRIAQUÍ,05004,11.630079402148528,34.8,0.0
ANTIOQUIA,ALEJANDRÍA,05021,12.676424464192367,31.9,0.0
ANTIOQUIA,AMAGÁ,05030,9.663881290515981,22.9,0.0
ANTIOQUIA,AMALFI,05031,22.377240454793704,43.3,0.0
ANTIOQUIA,ANDES,05034,12.288330137467254,40.1,0.0
ANTIOQUIA,ANGELÓPOLIS,05036,13.026132056652703,30.7,0.0
ANTIOQUIA,ANGOSTURA,05038,20.523809523809526,53.8,0.0
ANTIOQUIA,ANORÍ,05040,27.996131795261448,53.3,0.0
ANTIOQUIA,SANTAFÉ DE ANTIOQUIA,05042,14.129582861621527,29.7,0.0
ANTIOQUIA,ANZA,05044,16.332602568117757,47.1,130000000.0
ANTIOQUIA,APARTADÓ,05045,14.6740097512367,28.0,0.0
ANTIOQUIA,ARBOLETES,05051,62.48715704554968,59.1,28100000.0
ANTIOQUIA,ARGELIA,05055,17.13946234962127,48.7,0.0
ANTIOQUIA,ARMENIA,05059,8.357348703170029,37.7,0.0
ANTIOQUIA,BARBOSA,05079,7.012393267743888,22.2,150000000.0
ANTIOQUIA,BELMIRA,05086,13.385679566274069,40.8,0.0
ANTIOQUIA,BELLO,05088,5.575304609973621,14.2,0.0
ANTIOQUIA,BETANIA,05091,16.21841890790546,53.6,0.0
ANTIOQUIA,BETULIA,05093,17.180967549273344,53.1,0.0
ANTIOQUIA,CIUDAD BOLÍVAR,05101,11.847006843974704,40.4,0.0
ANTIOQUIA,BRICEÑO,05107,25.664312142616886,55.4,0.0
ANTIOQUIA,BURITICÁ,05113,29.139522258414768,51.3,0.0
ANTIOQUIA,CÁCERES,05120,49.831546707503826,66.4,0.0
ANTIOQUIA,CAICEDO,05125,18.617248752672843,54.6,0.0
ANTIOQUIA,CALDAS,05129,5.473141066986087,16.0,0.0
ANTIOQUIA,CAMPAMENTO,05134,24.641988651715753,59.3,0.0
ANTIOQUIA,CAÑASGORDAS,05138,22.79162365432827,45.3,0.0
ANTIOQUIA,CARACOLÍ,05142,12.13653603034134,35.9,0.0
ANTIOQUIA,CARAMANTA,05145,8.924806746310612,30.5,0.0
ANTIOQUIA,CAREPA,05147,20.98233995584989,34.4,0.0
ANTIOQUIA,EL CARMEN DE VIBORAL,05148,5.846360482035593,18.5,0.0
ANTIOQUIA,CAROLINA,05150,6.234939759036145,20.4,0.0
ANTIOQUIA,CAUCASIA,05154,22.10421624693638,36.0,0.0
ANTIOQUIA,CHIGORODÓ,05172,21.194067461031715,37.7,0.0
ANTIOQUIA,CISNEROS,05190,13.238105949836914,28.8,0.0
ANTIOQUIA,COCORNÁ,05197,14.310004760933143,42.9,0.0
ANTIOQUIA,CONCEPCIÓN,05206,12.483978467059728,33.0,0.0
ANTIOQUIA,CONCORDIA,05209,18.539500715931023,48.5,0.0
ANTIOQUIA,COPACABANA,05212,3.8079339625121587,11.6,0.0
ANTIOQUIA,DABEIBA,05234,47.26166328600406,60.5,0.0
ANTIOQUIA,DON MATÍAS,05237,6.100402457106545,19.7,0.0
ANTIOQUIA,EBÉJICO,05240,13.891310665504214,39.1,0.0
ANTIOQUIA,EL BAGRE,05250,35.6179940692759,53.7,0.0
ANTIOQUIA,ENTRERRIOS,05264,7.028135322929718,23.1,0.0
ANTIOQUIA,ENVIGADO,05266,2.067045443802645,4.9,0.0
ANTIOQUIA,FREDONIA,05282,11.128894579598805,31.6,0.0
ANTIOQUIA,FRONTINO,05284,34.09576848490876,51.3,0.0
ANTIOQUIA,GIRALDO,05306,15.36484081471228,33.4,0.0
ANTIOQUIA,GIRARDOTA,05308,5.050714137859656,13.9,0.0
ANTIOQUIA,GÓMEZ PLATA,05310,10.39941548952752,34.1,0.0
ANTIOQUIA,GRANADA,05313,11.039878300554166,33.4,0.0
ANTIOQUIA,GUADALUPE,05315,15.315480557593544,41.1,0.0
ANTIOQUIA,GUARNE,05318,6.214017224151877,17.0,0.0
ANTIOQUIA,GUATAPÉ,05321,4.358388110888825,11.4,0.0
ANTIOQUIA,HELICONIA,05347,12.423019749416012,37.5,0.0
ANTIOQUIA,HISPANIA,05353,12.121212121212121,36.9,0.0
ANTIOQUIA,ITAGUI,05360,3.946462978254886,10.9,0.0
ANTIOQUIA,ITUANGO,05361,35.71002548392344,57.6,0.0
ANTIOQUIA,JARDÍN,05364,9.78963799895934,28.5,0.0
ANTIOQUIA,JERICÓ,05368,9.053050878145935,25.8,0.0
ANTIOQUIA,LA CEJA,05376,4.109752156088931,11.5,0.0
ANTIOQUIA,LA ESTRELLA,05380,3.5133279603593923,9.2,0.0
ANTIOQUIA,LA PINTADA,05390,12.854276398294457,31.2,0.0
ANTIOQUIA,LA UNIÓN,05400,6.66891696402739,23.0,0.0
ANTIOQUIA,LIBORINA,05411,13.857251328777524,43.3,0.0
ANTIOQUIA,MACEO,05425,13.178826110806364,36.0,711500000.0
ANTIOQUIA,MARINILLA,05440,5.091896785875962,15.4,0.0
ANTIOQUIA,MONTEBELLO,05467,15.524570651249787,39.5,0.0
ANTIOQUIA,MURINDÓ,05475,81.73201206376562,81.5,0.0
ANTIOQUIA,MUTATÁ,05480,43.36613235994287,57.8,0.0
ANTIOQUIA,NARIÑO,05483,15.641353645772764,51.8,0.0
ANTIOQUIA,NECOCLÍ,05490,57.62883914627798,62.7,0.0
ANTIOQUIA,NECHÍ,05495,54.344569288389515,61.5,0.0
ANTIOQUIA,OLAYA,05501,12.0264803236484,33.4,0.0
ANTIOQUIA,PEÑOL,05541,6.857079350966882,20.0,0.0
ANTIOQUIA,PEQUE,05543,27.363114409746533,53.5,0.0
ANTIOQUIA,PUEBLORRICO,05576,15.856706470424882,45.7,0.0
ANTIOQUIA,PUERTO BERRÍO,05579,13.766030566343494,32.1,0.0
ANTIOQUIA,PUERTO NARE,05585,13.75443225859652,33.1,0.0
ANTIOQUIA,PUERTO TRIUNFO,05591,13.150419625564881,29.3,0.0
ANTIOQUIA,REMEDIOS,05604,22.203472623118255,42.1,0.0
ANTIOQUIA,RETIRO,05607,4.609101516919487,11.7,0.0
ANTIOQUIA,RIONEGRO,05615,5.1980391986138565,9.5,0.0
ANTIOQUIA,SABANALARGA,05628,27.569435556124407,52.8,0.0
ANTIOQUIA,SABANETA,05631,1.5913267181183388,4.5,0.0
ANTIOQUIA,SALGAR,05642,16.593553309174137,49.7,0.0
ANTIOQUIA,SAN ANDRÉS DE CUERQUÍA,05647,24.54328832406672,48.5,0.0
ANTIOQUIA,SAN CARLOS,05649,12.071244694914075,30.5,0.0
ANTIOQUIA,SAN FRANCISCO,05652,19.797051502967644,46.4,0.0
ANTIOQUIA,SAN JERÓNIMO,05656,13.2871392674941,30.5,0.0
ANTIOQUIA,SAN JOSÉ DE LA MONTAÑA,05658,10.230352303523036,34.0,0.0
ANTIOQUIA,SAN JUAN DE URABÁ,05659,59.82392957182873,61.1,0.0
ANTIOQUIA,SAN LUIS,05660,12.992161455987025,32.4,0.0
ANTIOQUIA,SAN PEDRO,05664,6.668625146886017,19.5,0.0
ANTIOQUIA,SAN PEDRO DE URABA,05665,66.14222990952635,62.3,0.0
ANTIOQUIA,SAN RAFAEL,05667,11.117305088795094,36.8,0.0
ANTIOQUIA,SAN ROQUE,05670,14.845070422535212,40.8,0.0
ANTIOQUIA,SAN VICENTE,05674,10.974592761438817,27.8,0.0
ANTIOQUIA,SANTA BÁRBARA,05679,9.814068510716249,28.1,0.0
ANTIOQUIA,SANTA ROSA DE OSOS,05686,9.225700164744646,30.9,0.0
ANTIOQUIA,SANTO DOMINGO,05690,11.544117647058824,41.5,0.0
ANTIOQUIA,EL SANTUARIO,05697,6.795570980003305,22.0,0.0
ANTIOQUIA,SEGOVIA,05736,23.14920444311018,42.8,0.0
ANTIOQUIA,SONSON,05756,13.235014874359136,37.9,0.0
ANTIOQUIA,SOPETRÁN,05761,11.306441024144723,28.7,0.0
ANTIOQUIA,TÁMESIS,05789,12.407182395031727,36.6,0.0
ANTIOQUIA,TARAZÁ,05790,32.41673632803907,53.5,0.0
ANTIOQUIA,TARSO,05792,16.24158696422246,42.6,0.0
ANTIOQUIA,TITIRIBÍ,05809,11.2238659982883,30.3,0.0
ANTIOQUIA,TOLEDO,05819,23.91304347826087,53.5,0.0
ANTIOQUIA,TURBO,05837,39.15000175112948,49.9,0.0
ANTIOQUIA,URAMITA,05842,27.10409320864633,55.6,0.0
ANTIOQUIA,URRAO,05847,24.452529452529454,46.1,0.0
ANTIOQUIA,VALDIVIA,05854,26.97419859265051,59.3,0.0
ANTIOQUIA,VALPARAÍSO,05856,8.88437384558552,25.9,0.0
ANTIOQUIA,VEGACHÍ,05858,22.031614873360876,41.0,0.0
ANTIOQUIA,VENECIA,05861,9.62723803933079,25.8,0.0
ANTIOQUIA,VIGÍA DEL FUERTE,05873,78.25498400196899,76.1,0.0
ANTIOQUIA,YALÍ,05885,21.783766442091753,44.0,0.0
ANTIOQUIA,YARUMAL,05887,11.751576362926176,33.8,0.0
ANTIOQUIA,YOLOMBÓ,05890,16.11948189267777,45.0,0.0
ANTIOQUIA,YONDÓ,05893,26.010404161664667,46.3,0.0
ANTIOQUIA,ZARAGOZA,05895,45.77166140029935,58.0,0.0
ATLÁNTICO,BARRANQUILLA,08001,9.102008982599575,17.4,0.0
ATLÁNTICO,BARANOA,08078,14.277577059531946,33.5,0.0
ATLÁNTICO,CAMPO DE LA CRUZ,08137,34.98027181060938,64.6,0.0
ATLÁNTICO,CANDELARIA,08141,32.96014330497089,52.0,0.0
ATLÁNTICO,GALAPA,08296,13.652888355691278,23.8,0.0
ATLÁNTICO,JUAN DE ACOSTA,08372,17.845761631612493,36.7,0.0
ATLÁNTICO,LURUACO,08421,24.834520924512606,55.4,0.0
ATLÁNTICO,MALAMBO,08433,12.915190803983158,30.0,0.0
ATLÁNTICO,MANATÍ,08436,23.865231633130556,48.4,0.0
ATLÁNTICO,PALMAR DE VARELA,08520,18.16369476132462,36.0,0.0
ATLÁNTICO,PIOJÓ,08549,20.51100070972321,45.2,0.0
ATLÁNTICO,POLONUEVO,08558,13.334566302940633,30.5,0.0
ATLÁNTICO,PONEDERA,08560,23.21459080813258,46.7,0.0
ATLÁNTICO,PUERTO COLOMBIA,08573,9.170122743077375,14.4,0.0
ATLÁNTICO,REPELÓN,08606,29.53233596418895,54.6,0.0
ATLÁNTICO,SABANAGRANDE,08634,16.332718577099808,31.9,0.0
ATLÁNTICO,SABANALARGA,08638,18.143103280127434,36.5,0.0
ATLÁNTICO,SANTA LUCÍA,08675,33.09090909090909,47.2,0.0
ATLÁNTICO,SANTO TOMÁS,08685,14.789593155229614,25.8,0.0
ATLÁNTICO,SOLEDAD,08758,8.025927910402341,18.6,0.0
ATLÁNTICO,SUAN,08770,18.273455673300596,43.8,0.0
ATLÁNTICO,TUBARÁ,08832,16.13461236043403,32.8,0.0
ATLÁNTICO,USIACURÍ,08849,13.601592790527087,32.7,0.0
"BOGOTÁ, D.C.","BOGOTÁ, D.C.",11001,3.471188356173964,9.0,18999767953.0
BOLÍVAR,CARTAGENA,13001,12.489537193298375,19.9,0.0
BOLÍVAR,ACHÍ,13006,55.916030534351144,62.4,0.0
BOLÍVAR,ALTOS DEL ROSARIO,13030,58.452658452658454,70.7,0.0
BOLÍVAR,ARENAL,13042,36.26726182173246,62.0,0.0
BOLÍVAR,ARJONA,13052,26.983606557377048,47.4,0.0
BOLÍVAR,ARROYOHONDO,13062,41.87143211715066,68.4,0.0
BOLÍVAR,BARRANCO DE LOBA,13074,47.01073779009352,68.9,0.0
BOLÍVAR,CALAMAR,13140,40.80263039365823,62.5,0.0
BOLÍVAR,CANTAGALLO,13160,39.35117835321501,50.6,0.0
BOLÍVAR,CICUCO,13188,33.9405487804878,61.3,0.0
BOLÍVAR,CÓRDOBA,13212,29.949306296691567,61.9,0.0
BOLÍVAR,CLEMENCIA,13222,84.94320237320021,63.0,0.0
BOLÍVAR,EL CARMEN DE BOLÍVAR,13244,41.54595108050344,58.4,0.0
BOLÍVAR,EL GUAMO,13248,29.398295382266888,59.5,0.0
BOLÍVAR,EL PEÑÓN,13268,47.871163948023224,67.7,0.0
BOLÍVAR,HATILLO DE LOBA,13300,50.45029736618522,73.8,0.0
BOLÍVAR,MAGANGUÉ,13430,26.45072212503236,49.1,0.0
BOLÍVAR,MAHATES,13433,28.63960887785193,54.3,0.0
BOLÍVAR,MARGARITA,13440,36.69753086419753,65.6,0.0
BOLÍVAR,MARÍA LA BAJA,13442,46.59870700116944,63.2,0.0
BOLÍVAR,MONTECRISTO,13458,63.11061618411284,70.1,0.0
BOLÍVAR,MOMPÓS,13468,29.197620866023282,49.1,0.0
BOLÍVAR,MORALES,13473,58.68936716993254,57.6,0.0
BOLÍVAR,NOROSÍ,13490,66.32860040567951,66.2,0.0
BOLÍVAR,PINILLOS,13549,62.36669664653733,67.5,0.0
BOLÍVAR,REGIDOR,13580,27.010309278350515,48.9,0.0
BOLÍVAR,RÍO VIEJO ,13600,43.53230769230769,57.3,0.0
BOLÍVAR,SAN CRISTÓBAL,13620,25.596994902066005,49.9,0.0
BOLÍVAR,SAN ESTANISLAO,13647,32.85506719941882,50.7,0.0
BOLÍVAR,SAN FERNANDO,13650,40.73240589198036,64.3,0.0
BOLÍVAR,SAN JACINTO,13654,93.44401511613096,60.3,0.0
BOLÍVAR,SAN JACINTO DEL CAUCA,13655,65.04517885876965,66.7,0.0
BOLÍVAR,SAN JUAN NEPOMUCENO,13657,38.39094092398057,56.2,0.0
BOLÍVAR,SAN MARTÍN DE LOBA,13667,45.589959313150814,60.6,0.0
BOLÍVAR,SAN PABLO,13670,39.074225122349105,54.0,0.0
BOLÍVAR,SANTA CATALINA,13673,57.78189329724339,54.8,0.0
BOLÍVAR,SANTA ROSA,13683,70.91156462585035,54.3,0.0
BOLÍVAR,SANTA ROSA DEL SUR,13688,28.056736548893124,43.6,0.0
BOLÍVAR,SIMITÍ,13744,34.59119496855346,54.8,0.0
BOLÍVAR,SOPLAVIENTO,13760,28.289974964623926,39.4,0.0
BOLÍVAR,TALAIGUA NUEVO,13780,26.344881276761384,50.7,0.0
BOLÍVAR,TIQUISIO,13810,60.313651077129144,73.0,0.0
BOLÍVAR,TURBACO,13836,17.193535271396627,30.4,0.0
BOLÍVAR,TURBANÁ,13838,48.56536284096757,42.8,0.0
BOLÍVAR,VILLANUEVA,13873,39.92902767920511,54.1,0.0
BOLÍVAR,ZAMBRANO,13894,41.91079440485616,62.4,0.0
BOYACÁ,TUNJA,15001,3.6320047947258014,11.4,0.0
BOYACÁ,ALMEIDA,15022,7.458912768647282,37.5,0.0
BOYACÁ,AQUITANIA,15047,13.001443001443002,33.5,0.0
BOYACÁ,ARCABUCO,15051,8.9407013034698,24.8,0.0
BOYACÁ,BELÉN,15087,7.634526085768916,25.2,0.0
BOYACÁ,BERBEO,15090,15.048543689320388,40.5,0.0
BOYACÁ,BETÉITIVA,15092,11.134564643799472,43.3,0.0
BOYACÁ,BOAVITA,15097,19.748580697485806,48.1,0.0
BOYACÁ,BOYACÁ,15104,11.225402504472273,39.7,0.0
BOYACÁ,BRICEÑO,15106,15.61429270680372,48.5,0.0
BOYACÁ,BUENAVISTA,15109,14.599056603773585,44.9,0.0
BOYACÁ,BUSBANZÁ,15114,10.379464285714286,31.3,0.0
BOYACÁ,CALDAS,15131,15.3322528363047,43.7,0.0
BOYACÁ,CAMPOHERMOSO,15135,20.739371534195932,52.3,0.0
BOYACÁ,CERINZA,15162,8.608360836083609,29.4,0.0
BOYACÁ,CHINAVITA,15172,13.359319631467045,41.1,0.0
BOYACÁ,CHIQUINQUIRÁ,15176,5.280662854475435,17.3,0.0
BOYACÁ,CHISCAS,15180,28.826317256760525,60.1,0.0
BOYACÁ,CHITA,15183,42.727860374919196,69.1,0.0
BOYACÁ,CHITARAQUE,15185,22.920406941950926,46.4,0.0
BOYACÁ,CHIVATÁ,15187,20.553359683794465,42.3,0.0
BOYACÁ,CIÉNEGA,15189,9.995547640249333,40.5,0.0
BOYACÁ,CÓMBITA,15204,10.523498554758591,36.1,0.0
BOYACÁ,COPER,15212,13.845644253063929,38.8,0.0
BOYACÁ,CORRALES,15215,14.602662363856394,26.6,0.0
BOYACÁ,COVARACHÍA,15218,26.831148804934465,55.6,0.0
BOYACÁ,CUBARÁ,15223,61.10440555220278,69.7,0.0
BOYACÁ,CUCAITA,15224,10.962962962962964,25.9,0.0
BOYACÁ,CUÍTIVA,15226,9.582309582309582,40.7,0.0
BOYACÁ,CHÍQUIZA,15232,17.759374281113413,51.3,0.0
BOYACÁ,CHIVOR,15236,16.836428999400837,45.8,0.0
BOYACÁ,DUITAMA,15238,3.382817786991271,10.5,0.0
BOYACÁ,EL COCUY,15244,30.89574898785425,49.4,0.0
BOYACÁ,EL ESPINO,15248,13.130535232961108,31.3,0.0
BOYACÁ,FIRAVITOBA,15272,6.530737390771118,21.7,0.0
BOYACÁ,FLORESTA,15276,15.672110552763819,43.9,0.0
BOYACÁ,GACHANTIVÁ,15293,10.459183673469388,51.2,0.0
BOYACÁ,GAMEZA,15296,14.630261660978384,43.7,0.0
BOYACÁ,GARAGOA,15299,7.312012592115619,20.3,0.0
BOYACÁ,GUACAMAYAS,15317,11.678004535147393,30.4,0.0
BOYACÁ,GUATEQUE,15322,6.778816199376947,19.4,0.0
BOYACÁ,GUAYATÁ,15325,9.9384914211719,36.1,0.0
BOYACÁ,GÜICÁN,15332,29.744897959183675,48.1,0.0
BOYACÁ,IZA,15362,8.539094650205762,24.8,0.0
BOYACÁ,JENESANO,15367,12.111604311984781,38.8,0.0
BOYACÁ,JERICÓ,15368,36.07344632768361,64.7,0.0
BOYACÁ,LABRANZAGRANDE,15377,37.00813008130081,57.4,0.0
BOYACÁ,LA CAPILLA,15380,7.136602451838879,31.6,0.0
BOYACÁ,LA VICTORIA,15401,16.84100418410042,38.4,0.0
BOYACÁ,LA UVITA,15403,13.121845710165825,41.9,0.0
BOYACÁ,VILLA DE LEYVA,15407,8.270834793579589,15.2,0.0
BOYACÁ,MACANAL,15425,7.878270762229807,28.9,0.0
BOYACÁ,MARIPÍ,15442,32.03212551363467,67.0,0.0
BOYACÁ,MIRAFLORES,15455,7.683863885839736,21.1,0.0
BOYACÁ,MONGUA,15464,20.813953488372093,50.7,0.0
BOYACÁ,MONGUÍ,15466,12.066752246469832,28.8,0.0
BOYACÁ,MONIQUIRÁ,15469,9.832099482266415,27.1,0.0
BOYACÁ,MOTAVITA,15476,15.269804822043628,49.8,0.0
BOYACÁ,MUZO,15480,23.062429343047356,40.7,0.0
BOYACÁ,NOBSA,15491,4.033854344413351,10.5,0.0
BOYACÁ,NUEVO COLÓN,15494,15.215654952076678,46.2,0.0
BOYACÁ,OICATÁ,15500,6.614229531641044,22.8,0.0
BOYACÁ,OTANCHE,15507,27.571898697953927,44.7,0.0
BOYACÁ,PACHAVITA,15511,8.624502432551969,37.5,0.0
BOYACÁ,PÁEZ,15514,13.23076923076923,36.5,0.0
BOYACÁ,PAIPA,15516,5.116249155867125,16.2,0.0
BOYACÁ,PAJARITO,15518,11.347150259067357,27.8,0.0
BOYACÁ,PANQUEBA,15522,15.194564546016059,42.7,0.0
BOYACÁ,PAUNA,15531,25.948072383949647,47.4,0.0
BOYACÁ,PAYA,15533,59.34012615235323,68.2,0.0
BOYACÁ,PAZ DE RÍO,15537,7.103960396039604,21.6,0.0
BOYACÁ,PESCA,15542,12.855844942459116,39.3,0.0
BOYACÁ,PISBA,15550,34.007585335018966,57.9,0.0
BOYACÁ,PUERTO BOYACÁ,15572,14.207278337417188,33.6,0.0
BOYACÁ,QUÍPAMA,15580,40.46256556986171,64.6,0.0
BOYACÁ,RAMIRIQUÍ,15599,12.220943613348677,31.4,0.0
BOYACÁ,RÁQUIRA,15600,14.03725006847439,31.3,0.0
BOYACÁ,RONDÓN,15621,7.9113924050632916,46.9,0.0
BOYACÁ,SABOYÁ,15632,15.993190574321297,41.8,0.0
BOYACÁ,SÁCHICA,15638,9.019282604188264,23.8,0.0
BOYACÁ,SAMACÁ,15646,9.282241921647126,21.5,0.0
BOYACÁ,SAN EDUARDO,15660,12.066752246469832,35.9,0.0
BOYACÁ,SAN JOSÉ DE PARE,15664,17.711464147702877,50.8,0.0
BOYACÁ,SAN LUIS DE GACENO,15667,15.284516982796648,31.4,0.0
BOYACÁ,SAN MATEO,15673,20.471726640459632,45.8,0.0
BOYACÁ,SAN MIGUEL DE SEMA,15676,8.89348500517063,35.6,0.0
BOYACÁ,SAN PABLO DE BORBUR,15681,22.5501973571306,53.7,0.0
BOYACÁ,SANTANA,15686,15.357509910438996,40.5,0.0
BOYACÁ,SANTA MARÍA,15690,10.830908503071452,29.0,0.0
BOYACÁ,SANTA ROSA DE VITERBO,15693,6.295511107014471,19.0,0.0
BOYACÁ,SANTA SOFÍA,15696,10.054719562243502,31.4,0.0
BOYACÁ,SATIVANORTE,15720,21.16076014381099,51.6,0.0
BOYACÁ,SATIVASUR,15723,7.662835249042145,29.7,0.0
BOYACÁ,SIACHOQUE,15740,19.777410136862684,45.1,0.0
BOYACÁ,SOATÁ,15753,7.592242194891202,17.3,0.0
BOYACÁ,SOCOTÁ,15755,27.30974445380511,52.9,0.0
BOYACÁ,SOCHA,15757,9.016940109377083,20.8,0.0
BOYACÁ,SOGAMOSO,15759,3.593215233090383,10.4,0.0
BOYACÁ,SOMONDOCO,15761,8.925549915397632,41.0,0.0
BOYACÁ,SORA,15762,14.810518174787317,55.3,0.0
BOYACÁ,SOTAQUIRÁ,15763,18.35785238274865,35.4,0.0
BOYACÁ,SORACÁ,15764,11.300785250938887,38.5,0.0
BOYACÁ,SUSACÓN,15774,14.990215264187867,37.1,0.0
BOYACÁ,SUTAMARCHÁN,15776,11.138140747176369,31.1,0.0
BOYACÁ,SUTATENZA,15778,11.749497270899166,47.4,0.0
BOYACÁ,TASCO,15790,10.75875486381323,31.4,0.0
BOYACÁ,TENZA,15798,9.39871570344425,41.1,0.0
BOYACÁ,TIBANÁ,15804,14.587791063561989,47.0,0.0
BOYACÁ,TIBASOSA,15806,6.997005172883202,14.3,0.0
BOYACÁ,TINJACÁ,15808,11.885674451028233,35.2,0.0
BOYACÁ,TIPACOQUE,15810,24.413443246670894,41.6,0.0
BOYACÁ,TOCA,15814,9.888595383025152,30.2,0.0
BOYACÁ,TOGÜÍ,15816,25.355113636363637,50.0,0.0
BOYACÁ,TÓPAGA,15820,12.149532710280374,28.7,0.0
BOYACÁ,TOTA,15822,16.71081677704194,47.9,0.0
BOYACÁ,TUNUNGUÁ,15832,20.9043250327654,42.1,0.0
BOYACÁ,TURMEQUÉ,15835,12.133676092544988,45.1,0.0
BOYACÁ,TUTA,15837,11.727864423431168,32.8,0.0
BOYACÁ,TUTAZÁ,15839,15.997770345596432,36.4,0.0
BOYACÁ,UMBITA,15842,10.195510499637944,49.4,0.0
BOYACÁ,VENTAQUEMADA,15861,6.705309861170746,25.7,0.0
BOYACÁ,VIRACACHÁ,15879,13.24554608830364,45.1,0.0
BOYACÁ,ZETAQUIRA,15897,19.405430711610485,50.7,0.0
CALDAS,MANIZALES,17001,6.20234552243708,13.9,0.0
CALDAS,AGUADAS,17013,11.006090133982948,30.0,0.0
CALDAS,ANSERMA,17042,10.665436732616579,32.5,0.0
CALDAS,ARANZAZU,17050,9.833570123807592,32.1,0.0
CALDAS,BELALCÁZAR,17088,17.824241796915434,41.2,0.0
CALDAS,CHINCHINÁ,17174,7.992049360221955,21.8,0.0
CALDAS,FILADELFIA,17272,10.849890772911682,36.2,0.0
CALDAS,LA DORADA,17380,12.600237385287903,26.8,0.0
CALDAS,LA MERCED,17388,12.246431254695718,34.5,0.0
CALDAS,MANZANARES,17433,17.137316688886195,37.5,0.0
CALDAS,MARMATO,17442,14.661166764879198,37.6,0.0
CALDAS,MARQUETALIA,17444,12.716284460634158,40.7,0.0
CALDAS,MARULANDA,17446,7.880826525708794,34.6,0.0
CALDAS,NEIRA,17486,11.775976418570377,31.3,0.0
CALDAS,NORCASIA,17495,18.012108980827445,41.4,0.0
CALDAS,PÁCORA,17513,13.255315894141043,33.3,0.0
CALDAS,PALESTINA,17524,9.251297257227575,30.1,0.0
CALDAS,PENSILVANIA,17541,10.703220903723622,37.3,0.0
CALDAS,RIOSUCIO,17614,11.313838207114888,29.3,0.0
CALDAS,RISARALDA,17616,11.463414634146341,39.4,0.0
CALDAS,SALAMINA,17653,10.297427163797822,28.7,0.0
CALDAS,SAMANÁ,17662,13.53305785123967,39.9,0.0
CALDAS,SAN JOSÉ,17665,13.7511071744907,39.9,0.0
CALDAS,SUPÍA,17777,11.181363140265702,31.3,0.0
CALDAS,VICTORIA,17867,13.549337260677467,34.9,0.0
CALDAS,VILLAMARÍA,17873,6.861227681064607,17.0,0.0
CALDAS,VITERBO,17877,8.724346076458753,26.0,0.0
CAQUETÁ,FLORENCIA,18001,14.509358972677308,29.6,0.0
CAQUETÁ,ALBANIA,18029,20.169608067843228,38.8,0.0
CAQUETÁ,BELÉN DE LOS ANDAQUIES,18094,28.491236109519992,50.0,0.0
CAQUETÁ,CARTAGENA DEL CHAIRÁ,18150,38.14501045219496,63.3,0.0
CAQUETÁ,CURILLO,18205,22.97059222116818,55.4,0.0
CAQUETÁ,EL DONCELLO,18247,20.4131572956977,44.3,0.0
CAQUETÁ,EL PAUJIL,18256,24.286382779597567,45.5,0.0
CAQUETÁ,LA MONTAÑITA,18410,32.853175980562305,56.2,0.0
CAQUETÁ,MILÁN,18460,47.106017191977074,64.6,0.0
CAQUETÁ,MORELIA,18479,21.223880597014926,42.4,0.0
CAQUETÁ,PUERTO RICO,18592,32.04183604336043,54.3,0.0
CAQUETÁ,SAN JOSÉ DEL FRAGUA,18610,26.72138622891017,48.7,0.0
CAQUETÁ,SAN VICENTE DEL CAGUÁN,18753,30.465264499681325,56.3,0.0
CAQUETÁ,SOLANO,18756,44.71680400542401,71.9,0.0
CAQUETÁ,SOLITA,18785,27.27966425028615,58.1,0.0
CAQUETÁ,VALPARAÍSO,18860,27.650581190560057,50.0,0.0
CAUCA,POPAYÁN,19001,9.097438265158427,18.4,0.0
CAUCA,ALMAGUER,19022,33.69848090540459,62.9,0.0
CAUCA,ARGELIA,19050,23.397741530740277,50.1,0.0
CAUCA,BALBOA,19075,20.360770207363522,47.1,0.0
CAUCA,BOLÍVAR,19100,27.486315789473686,51.1,0.0
CAUCA,BUENOS AIRES,19110,15.180694246314788,42.5,0.0
CAUCA,CAJIBÍO,19130,23.558244144563364,56.9,0.0
CAUCA,CALDONO,19137,23.77528841330881,56.0,0.0
CAUCA,CALOTO,19142,22.910069664344523,37.4,0.0
CAUCA,CORINTO,19212,18.84158461609578,33.7,0.0
CAUCA,EL TAMBO,19256,23.404918330779818,46.0,0.0
CAUCA,FLORENCIA,19290,12.261741010021614,36.3,0.0
CAUCA,GUACHENÉ ,19300,4.953276076270729,20.2,0.0
CAUCA,GUAPI,19318,70.68349106203996,68.9,0.0
CAUCA,INZÁ,19355,19.003397508493773,59.0,0.0
CAUCA,JAMBALÓ,19364,15.575123830489819,46.5,0.0
CAUCA,LA SIERRA,19392,23.02969300452944,53.6,0.0
CAUCA,LA VEGA,19397,16.98943216868079,56.7,0.0
CAUCA,LÓPEZ,19418,42.77303697823642,81.2,0.0
CAUCA,MERCADERES,19450,25.503174388761312,46.6,0.0
CAUCA,MIRANDA,19455,9.337771548703573,21.6,0.0
CAUCA,MORALES,19473,27.07737835020345,48.7,0.0
CAUCA,PADILLA,19513,8.319068812050668,22.0,0.0
CAUCA,PAEZ,19517,21.657490890715177,56.3,0.0
CAUCA,PATÍA,19532,20.67628080815204,44.1,0.0
CAUCA,PIAMONTE,19533,21.67321729365525,44.0,0.0
CAUCA,PIENDAMÓ,19548,13.515863971690758,30.7,0.0
CAUCA,PUERTO TEJADA,19573,7.976011994002999,16.6,0.0
CAUCA,PURACÉ,19585,20.75041876046901,39.5,0.0
CAUCA,ROSAS,19622,18.155526992287918,43.2,0.0
CAUCA,SAN SEBASTIÁN,19693,15.835807145050671,46.4,0.0
CAUCA,SANTANDER DE QUILICHAO,19698,12.193229013718168,23.8,0.0
CAUCA,SANTA ROSA,19701,35.618090452261306,66.1,0.0
CAUCA,SILVIA,19743,14.176153385260635,43.8,0.0
CAUCA,SOTARA,19760,18.5554903112155,32.3,0.0
CAUCA,SUÁREZ,19780,28.57215654300856,44.1,0.0
CAUCA,SUCRE,19785,35.47814868569586,75.5,0.0
CAUCA,TIMBÍO,19807,17.466583773702208,35.7,0.0
CAUCA,TIMBIQUÍ,19809,64.12510409919497,72.4,0.0
CAUCA,TORIBIO,19821,22.50603510145495,45.1,0.0
CAUCA,TOTORÓ,19824,25.730713943459513,55.1,0.0
CAUCA,VILLA RICA,19845,11.177442567027343,22.7,0.0
CESAR,VALLEDUPAR,20001,17.826291162243546,30.5,0.0
CESAR,AGUACHICA,20011,18.79474190982543,37.0,0.0
CESAR,AGUSTÍN CODAZZI,20013,28.66695168875588,44.5,0.0
CESAR,ASTREA,20032,37.75089508516871,52.8,0.0
CESAR,BECERRIL,20045,35.52310247142717,48.6,0.0
CESAR,BOSCONIA,20060,31.77151390703752,43.8,0.0
CESAR,CHIMICHAGUA,20175,30.37130021141649,52.5,0.0
CESAR,CHIRIGUANÁ,20178,25.459667852906286,41.3,0.0
CESAR,CURUMANÍ,20228,28.6624752389975,45.8,0.0
CESAR,EL COPEY,20238,26.984238178633976,48.2,0.0
CESAR,EL PASO,20250,22.784517619872904,40.7,0.0
CESAR,GAMARRA,20295,23.360655737704917,48.6,0.0
CESAR,GONZÁLEZ,20310,21.24442240951909,56.6,0.0
CESAR,LA GLORIA,20383,24.555111983219433,44.4,0.0
CESAR,LA JAGUA DE IBIRICO,20400,21.27957742683124,32.6,0.0
CESAR,MANAURE,20443,27.585465491292194,41.2,0.0
CESAR,PAILITAS,20517,25.577380952380953,46.1,0.0
CESAR,PELAYA,20550,26.759344404175906,51.0,0.0
CESAR,PUEBLO BELLO,20570,64.55212406097614,74.9,0.0
CESAR,RÍO DE ORO,20614,21.675458078845086,48.3,0.0
CESAR,LA PAZ,20621,28.53859413905382,41.7,0.0
CESAR,SAN ALBERTO,20710,13.734614882790414,31.9,0.0
CESAR,SAN DIEGO,20750,22.520237452779277,40.7,0.0
CESAR,SAN MARTÍN,20770,24.090553491101115,41.7,0.0
CESAR,TAMALAMEQUE,20787,25.904856716205646,47.5,0.0
CÓRDOBA ,MONTERÍA,23001,18.79873585312524,27.1,0.0
CÓRDOBA ,AYAPEL,23068,47.61696207749382,62.4,0.0
CÓRDOBA ,BUENAVISTA,23079,40.93436546009595,58.0,0.0
CÓRDOBA ,CANALETE,23090,75.37590182725373,68.2,0.0
CÓRDOBA ,CERETÉ,23162,25.190037955597152,34.4,0.0
CÓRDOBA ,CHIMÁ,23168,37.911354876964126,57.8,0.0
CÓRDOBA ,CHINÚ,23182,25.016402661917706,45.3,0.0
CÓRDOBA ,CIÉNAGA DE ORO,23189,36.87231244891432,52.3,0.0
CÓRDOBA ,COTORRA,23300,24.199814986123958,39.7,0.0
CÓRDOBA ,LA APARTADA,23350,30.546857933444986,52.6,0.0
CÓRDOBA ,LORICA,23417,33.40342963956276,41.1,0.0
CÓRDOBA ,LOS CÓRDOBAS,23419,70.7918922321541,60.5,0.0
CÓRDOBA ,MOMIL,23464,26.666256763403837,42.1,0.0
CÓRDOBA ,MONTELÍBANO,23466,26.9924204425124,41.1,0.0
CÓRDOBA ,MOÑITOS,23500,68.34429169157202,65.4,0.0
CÓRDOBA ,PLANETA RICA,23555,33.104821976927546,43.0,0.0
CÓRDOBA ,PUEBLO NUEVO,23570,42.86191041234055,52.9,0.0
CÓRDOBA ,PUERTO ESCONDIDO,23574,73.79069528602238,67.9,0.0
CÓRDOBA ,PUERTO LIBERTADOR,23580,55.55335240631108,58.9,0.0
CÓRDOBA ,PURÍSIMA,23586,36.08352605087743,53.1,0.0
CÓRDOBA ,SAHAGÚN,23660,25.29092649718115,40.4,0.0
CÓRDOBA ,SAN ANDRÉS SOTAVENTO,23670,72.57914892604838,76.3,0.0
CÓRDOBA ,SAN ANTERO,23672,29.574893206559185,46.0,0.0
CÓRDOBA ,SAN BERNARDO DEL VIENTO,23675,41.98457723273432,57.0,0.0
CÓRDOBA ,SAN CARLOS,23678,38.60275369709332,58.0,0.0
CÓRDOBA ,SAN JOSÉ DE URÉ(1),23682,52.82575278054074,61.3,0.0
CÓRDOBA ,SAN PELAYO,23686,37.17437336878909,45.8,0.0
CÓRDOBA ,TIERRALTA,23807,56.01249227972452,63.8,0.0
CÓRDOBA ,TUCHÍN,23815,77.97567007219044,78.0,0.0
CÓRDOBA ,VALENCIA,23855,55.931481724092755,53.1,0.0
CUNDINAMARCA,AGUA DE DIOS,25001,8.079838787064581,17.9,0.0
CUNDINAMARCA,ALBÁN,25019,9.949324324324325,25.8,0.0
CUNDINAMARCA,ANAPOIMA,25035,10.33800494641385,22.6,0.0
CUNDINAMARCA,ANOLAIMA,25040,9.801980198019802,22.7,0.0
CUNDINAMARCA,ARBELÁEZ,25053,10.142515343805263,20.0,0.0
CUNDINAMARCA,BELTRÁN,25086,9.598603839441536,38.3,0.0
CUNDINAMARCA,BITUIMA,25095,9.67161493477283,29.3,0.0
CUNDINAMARCA,BOJACÁ,25099,5.335128975448047,16.8,0.0
CUNDINAMARCA,CABRERA,25120,10.304449648711945,39.5,0.0
CUNDINAMARCA,CACHIPAY,25123,9.388151505341535,20.6,0.0
CUNDINAMARCA,CAJICÁ,25126,3.2048575756823205,6.8,0.0
CUNDINAMARCA,CAPARRAPÍ,25148,29.183713228131698,41.2,0.0
CUNDINAMARCA,CAQUEZA,25151,7.521865889212828,21.7,0.0
CUNDINAMARCA,CARMEN DE CARUPA,25154,13.023890784982935,31.2,0.0
CUNDINAMARCA,CHAGUANÍ,25168,14.775804995486007,58.7,0.0
CUNDINAMARCA,CHÍA,25175,3.037599123903909,6.7,0.0
CUNDINAMARCA,CHIPAQUE,25178,9.519944341372913,31.1,0.0
CUNDINAMARCA,CHOACHÍ,25181,8.219178082191782,22.5,0.0
CUNDINAMARCA,CHOCONTÁ,25183,7.7609504869715975,27.5,0.0
CUNDINAMARCA,COGUA,25200,3.5959809624537282,12.6,0.0
CUNDINAMARCA,COTA,25214,4.11618416018365,9.0,0.0
CUNDINAMARCA,CUCUNUBÁ,25224,11.496715224221651,25.0,0.0
CUNDINAMARCA,EL COLEGIO,25245,6.755737050024413,18.3,0.0
CUNDINAMARCA,EL PEÑÓN,25258,25.76633892423366,49.5,0.0
CUNDINAMARCA,EL ROSAL,25260,7.612124537100535,12.8,0.0
CUNDINAMARCA,FACATATIVÁ,25269,4.046529904137722,10.5,0.0
CUNDINAMARCA,FOMEQUE,25279,6.521536887152293,27.4,0.0
CUNDINAMARCA,FOSCA,25281,13.342923934544146,45.2,0.0
CUNDINAMARCA,FUNZA,25286,3.3594353148781293,7.8,0.0
CUNDINAMARCA,FÚQUENE,25288,8.993399339933994,23.6,0.0
CUNDINAMARCA,FUSAGASUGÁ,25290,4.665010899203257,12.2,0.0
CUNDINAMARCA,GACHALA,25293,17.545475477780336,51.5,0.0
CUNDINAMARCA,GACHANCIPÁ,25295,4.764773206433348,11.1,0.0
CUNDINAMARCA,GACHETÁ,25297,15.995040297582145,43.2,0.0
CUNDINAMARCA,GAMA,25299,8.740105540897098,42.9,0.0
CUNDINAMARCA,GIRARDOT,25307,7.536184390190616,13.4,0.0
CUNDINAMARCA,GRANADA,25312,4.971735034062908,19.9,0.0
CUNDINAMARCA,GUACHETÁ,25317,11.892284124808514,25.7,0.0
CUNDINAMARCA,GUADUAS,25320,9.415028147181202,27.2,0.0
CUNDINAMARCA,GUASCA,25322,4.747893540189915,15.5,0.0
CUNDINAMARCA,GUATAQUÍ,25324,12.512664640324214,32.9,0.0
CUNDINAMARCA,GUATAVITA,25326,7.794955248169243,33.1,0.0
CUNDINAMARCA,GUAYABAL DE SIQUIMA,25328,10.321864594894562,29.4,0.0
CUNDINAMARCA,GUAYABETAL,25335,9.864004131520055,29.6,0.0
CUNDINAMARCA,GUTIÉRREZ,25339,11.295681063122924,37.6,0.0
CUNDINAMARCA,JERUSALÉN,25368,14.525691699604742,34.9,0.0
CUNDINAMARCA,JUNÍN,25372,16.201654800846644,57.8,0.0
CUNDINAMARCA,LA CALERA,25377,3.140292202077099,9.8,0.0
CUNDINAMARCA,LA MESA,25386,8.911677370347352,18.3,0.0
CUNDINAMARCA,LA PALMA,25394,20.264660093409443,39.4,0.0
CUNDINAMARCA,LA PEÑA,25398,30.077691453940066,50.3,0.0
CUNDINAMARCA,LA VEGA,25402,7.530258924467596,22.1,0.0
CUNDINAMARCA,LENGUAZAQUE,25407,10.282557892500531,29.1,0.0
CUNDINAMARCA,MACHETA,25426,12.786449684490202,38.2,0.0
CUNDINAMARCA,MADRID,25430,3.664416586306654,10.4,0.0
CUNDINAMARCA,MANTA,25436,7.602163461538462,35.5,0.0
CUNDINAMARCA,MEDINA,25438,21.24088595405145,38.5,0.0
CUNDINAMARCA,MOSQUERA,25473,3.4559279950341404,9.6,0.0
CUNDINAMARCA,NARIÑO,25483,9.857142857142858,27.8,0.0
CUNDINAMARCA,NEMOCÓN,25486,4.500737825873094,14.2,0.0
CUNDINAMARCA,NILO,25488,7.916666666666667,22.1,0.0
CUNDINAMARCA,NIMAIMA,25489,12.912716574043806,30.2,0.0
CUNDINAMARCA,NOCAIMA,25491,10.91644204851752,26.2,0.0
CUNDINAMARCA,VENECIA,25506,13.419386264003897,38.1,0.0
CUNDINAMARCA,PACHO,25513,8.15748297881338,27.7,0.0
CUNDINAMARCA,PAIME,25518,35.469641930461854,55.0,0.0
CUNDINAMARCA,PANDI,25524,12.864385297845374,36.7,0.0
CUNDINAMARCA,PARATEBUENO,25530,15.573053368328958,37.4,0.0
CUNDINAMARCA,PASCA,25535,8.174073221275616,30.6,0.0
CUNDINAMARCA,PUERTO SALGAR,25572,13.763528691035328,31.0,0.0
CUNDINAMARCA,PULÍ,25580,10.380348652931854,46.0,0.0
CUNDINAMARCA,QUEBRADANEGRA,25592,11.221047897458961,32.1,0.0
CUNDINAMARCA,QUETAME,25594,9.719967532467532,37.7,0.0
CUNDINAMARCA,QUIPILE,25596,18.592471358428806,44.1,0.0
CUNDINAMARCA,APULO,25599,18.406374501992033,28.4,0.0
CUNDINAMARCA,RICAURTE,25612,9.307499768239548,17.5,0.0
CUNDINAMARCA,SAN ANTONIO DEL TEQUENDAMA,25645,7.361301705547932,21.8,0.0
CUNDINAMARCA,SAN BERNARDO,25649,8.6709886547812,34.8,0.0
CUNDINAMARCA,SAN CAYETANO,25653,8.038585209003216,36.9,0.0
CUNDINAMARCA,SAN FRANCISCO,25658,7.508532423208191,20.2,0.0
CUNDINAMARCA,SAN JUAN DE RÍO SECO,25662,12.970376301040833,35.6,0.0
CUNDINAMARCA,SASAIMA,25718,8.517044843531563,22.9,0.0
CUNDINAMARCA,SESQUILÉ,25736,5.756698044895003,17.7,0.0
CUNDINAMARCA,SIBATÉ,25740,5.950303068769636,13.5,0.0
CUNDINAMARCA,SILVANIA,25743,8.010511971968075,23.5,0.0
CUNDINAMARCA,SIMIJACA,25745,5.23979458612586,22.4,0.0
CUNDINAMARCA,SOACHA,25754,5.365805995334756,14.1,0.0
CUNDINAMARCA,SOPÓ,25758,2.889543565115622,8.0,0.0
CUNDINAMARCA,SUBACHOQUE,25769,3.7483176312247646,12.6,0.0
CUNDINAMARCA,SUESCA,25772,4.982137057486197,14.0,0.0
CUNDINAMARCA,SUPATÁ,25777,10.41049513330512,28.2,0.0
CUNDINAMARCA,SUSA,25779,13.057796805532686,27.1,0.0
CUNDINAMARCA,SUTATAUSA,25781,7.588436667934576,21.3,0.0
CUNDINAMARCA,TABIO,25785,3.9338682227084854,9.6,0.0
CUNDINAMARCA,TAUSA,25793,8.096803107260232,24.3,0.0
CUNDINAMARCA,TENA,25797,7.181840734309104,18.5,0.0
CUNDINAMARCA,TENJO,25799,4.590534171249018,10.4,0.0
CUNDINAMARCA,TIBACUY,25805,11.13365457773269,27.4,0.0
CUNDINAMARCA,TIBIRITA,25807,11.62217659137577,52.3,0.0
CUNDINAMARCA,TOCAIMA,25815,11.171439196727407,24.4,0.0
CUNDINAMARCA,TOCANCIPÁ,25817,4.235587062022003,10.1,0.0
CUNDINAMARCA,TOPAIPÍ,25823,27.41981265966506,47.1,0.0
CUNDINAMARCA,UBALÁ,25839,21.133018605942794,47.0,0.0
CUNDINAMARCA,UBAQUE,25841,15.320813771517997,34.1,0.0
CUNDINAMARCA,VILLA DE SAN DIEGO DE UBATE,25843,5.252159025102601,14.2,0.0
CUNDINAMARCA,UNE,25845,11.925807853934213,29.6,0.0
CUNDINAMARCA,ÚTICA,25851,16.919631749191343,35.5,0.0
CUNDINAMARCA,VERGARA,25862,22.415506958250496,50.0,0.0
CUNDINAMARCA,VIANÍ,25867,11.744613767735155,31.6,0.0
CUNDINAMARCA,VILLAGÓMEZ,25871,10.265486725663717,38.2,0.0
CUNDINAMARCA,VILLAPINZÓN,25873,8.758062476286835,31.4,0.0
CUNDINAMARCA,VILLETA,25875,8.414819431999689,18.7,0.0
CUNDINAMARCA,VIOTÁ,25878,14.587653533258893,36.3,0.0
CUNDINAMARCA,YACOPÍ,25885,40.6172499311105,55.5,0.0
CUNDINAMARCA,ZIPACÓN,25898,7.717881738304441,20.5,0.0
CUNDINAMARCA,ZIPAQUIRÁ,25899,3.116276905899138,10.3,0.0
CHOCÓ,QUIBDÓ,27001,72.80990282973862,44.4,0.0
CHOCÓ,ACANDÍ,27006,36.44481190574618,51.4,0.0
CHOCÓ,ALTO BAUDO,27025,77.84921098772648,90.6,0.0
CHOCÓ,ATRATO,27050,42.5009100837277,61.5,0.0
CHOCÓ,BAGADÓ,27073,70.52023121387283,81.0,0.0
CHOCÓ,BAHÍA SOLANO,27075,24.60864805692392,46.6,0.0
CHOCÓ,BAJO BAUDÓ,27077,65.86634870738713,80.4,0.0
CHOCÓ,BOJAYA,27099,67.56077116512992,77.1,0.0
CHOCÓ,EL CANTÓN DEL SAN PABLO,27135,43.51590106007067,60.2,0.0
CHOCÓ,CARMEN DEL DARIEN,27150,75.67691251620776,77.8,0.0
CHOCÓ,CÉRTEGUI,27160,51.740337390561606,55.9,0.0
CHOCÓ,CONDOTO,27205,66.49771092217135,53.2,0.0
CHOCÓ,EL CARMEN DE ATRATO,27245,36.47758926310458,54.0,0.0
CHOCÓ,EL LITORAL DEL SAN JUAN,27250,70.22195353657483,83.1,0.0
CHOCÓ,ISTMINA,27361,83.95919412044316,55.1,0.0
CHOCÓ,JURADÓ,27372,56.110029211295036,71.8,0.0
CHOCÓ,LLORÓ,27413,76.62410394265233,74.4,0.0
CHOCÓ,MEDIO ATRATO,27425,51.6370808678501,76.6,0.0
CHOCÓ,MEDIO BAUDÓ,27430,63.21239663264546,80.2,0.0
CHOCÓ,MEDIO SAN JUAN,27450,64.09236548447686,69.7,0.0
CHOCÓ,NÓVITA,27491,50.012248897599214,60.1,0.0
CHOCÓ,NUQUÍ,27495,50.925925925925924,72.9,0.0
CHOCÓ,RÍO IRO,27580,43.0939226519337,75.1,0.0
CHOCÓ,RÍO QUITO,27600,58.33960371206421,66.8,0.0
CHOCÓ,RIOSUCIO,27615,75.1529195632659,70.9,0.0
CHOCÓ,SAN JOSÉ DEL PALMAR,27660,29.46409658970557,59.1,0.0
CHOCÓ,SIPÍ,27745,49.096820809248555,69.7,0.0
CHOCÓ,TADÓ,27787,54.76541752729419,59.9,0.0
CHOCÓ,UNGUÍA,27800,48.58923884514436,63.4,0.0
CHOCÓ,UNIÓN PANAMERICANA,27810,52.152369154537006,57.4,0.0
HUILA,NEIVA,41001,7.570138201780984,17.6,0.0
HUILA,ACEVEDO,41006,19.330673397931765,51.0,0.0
HUILA,AGRADO,41013,18.325950104919563,50.0,0.0
HUILA,AIPE,41016,15.238485718190516,35.4,0.0
HUILA,ALGECIRAS,41020,20.214838870846865,45.2,0.0
HUILA,ALTAMIRA,41026,8.89763779527559,30.4,0.0
HUILA,BARAYA,41078,20.790995779271533,49.4,0.0
HUILA,CAMPOALEGRE,41132,13.931919420251313,31.1,0.0
HUILA,COLOMBIA,41206,26.360373295046664,61.7,0.0
HUILA,ELÍAS,41244,9.670506295204929,32.3,0.0
HUILA,GARZÓN,41298,12.370060778640212,32.0,0.0
HUILA,GIGANTE,41306,13.327734064185305,36.9,0.0
HUILA,GUADALUPE,41319,18.4503937007874,43.2,0.0
HUILA,HOBO,41349,20.430750822614417,38.8,0.0
HUILA,IQUIRA,41357,24.06015037593985,49.6,0.0
HUILA,ISNOS,41359,19.384640429774937,43.1,0.0
HUILA,LA ARGENTINA,41378,19.438877755511022,44.0,0.0
HUILA,LA PLATA,41396,19.115385328070857,42.5,0.0
HUILA,NÁTAGA,41483,18.921552704239076,46.9,0.0
HUILA,OPORAPA,41503,18.405184051840518,58.5,0.0
HUILA,PAICOL,41518,11.369670466968609,39.1,0.0
HUILA,PALERMO,41524,12.594218504100057,32.6,0.0
HUILA,PALESTINA,41530,20.001913143294434,51.0,0.0
HUILA,PITAL,41548,15.742104401898215,43.9,0.0
HUILA,PITALITO,41551,11.925271659201115,33.7,0.0
HUILA,RIVERA,41615,12.5943508188939,27.4,0.0
HUILA,SALADOBLANCO,41660,20.615996025832093,57.8,0.0
HUILA,SAN AGUSTÍN,41668,15.234712785670167,36.3,0.0
HUILA,SANTA MARÍA,41676,20.959373470386687,51.5,0.0
HUILA,SUAZA,41770,15.280497638520908,41.6,0.0
HUILA,TARQUI,41791,13.601936925751179,47.1,0.0
HUILA,TESALIA,41797,10.73000921470257,36.1,0.0
HUILA,TELLO,41799,16.847772883015175,44.5,0.0
HUILA,TERUEL,41801,11.07482993197279,39.9,0.0
HUILA,TIMANÁ,41807,11.118024313199962,40.8,0.0
HUILA,VILLAVIEJA,41872,14.51821978971626,37.9,0.0
HUILA,YAGUARÁ,41885,9.237875288683602,23.8,0.0
LA GUAJIRA,RIOHACHA,44001,36.27212577051405,45.1,0.0
LA GUAJIRA,ALBANIA,44035,38.1404101697519,49.8,0.0
LA GUAJIRA,BARRANCAS,44078,40.610221739587345,46.7,0.0
LA GUAJIRA,DIBULLA,44090,55.42290513778477,65.5,0.0
LA GUAJIRA,DISTRACCIÓN,44098,25.027932960893853,40.2,0.0
LA GUAJIRA,EL MOLINO,44110,26.640815740341807,37.0,0.0
LA GUAJIRA,FONSECA,44279,19.42845948527071,36.0,0.0
LA GUAJIRA,HATONUEVO,44378,30.04753282028067,43.3,0.0
LA GUAJIRA,LA JAGUA DEL PILAR,44420,27.77777777777778,43.0,0.0
LA GUAJIRA,MAICAO,44430,59.218888490768855,60.0,0.0
LA GUAJIRA,MANAURE,44560,81.10236220472441,86.7,0.0
LA GUAJIRA,SAN JUAN DEL CESAR,44650,24.23778821986668,36.6,0.0
LA GUAJIRA,URIBIA,44847,88.7491622725491,92.2,0.0
LA GUAJIRA,URUMITA,44855,24.963188377343673,32.0,0.0
LA GUAJIRA,VILLANUEVA,44874,18.597292317551872,31.0,0.0
MAGDALENA,SANTA MARTA,47001,14.303404664572756,24.4,0.0
MAGDALENA,ALGARROBO,47030,29.480901077375123,57.3,0.0
MAGDALENA,ARACATACA,47053,29.415064102564102,50.0,0.0
MAGDALENA,ARIGUANÍ,47058,44.30066468674869,56.4,0.0
MAGDALENA,CERRO SAN ANTONIO,47161,38.15718157181572,62.4,0.0
MAGDALENA,CHIVOLO,47170,44.90883128295255,53.3,0.0
MAGDALENA,CIÉNAGA,47189,28.528061289204203,44.6,0.0
MAGDALENA,CONCORDIA,47205,31.721929552732156,67.9,0.0
MAGDALENA,EL BANCO,47245,32.17486522911051,54.7,0.0
MAGDALENA,EL PIÑON,47258,25.710654032817196,50.4,0.0
MAGDALENA,EL RETÉN,47268,35.46652881881623,63.6,0.0
MAGDALENA,FUNDACIÓN,47288,25.233731370915486,43.9,0.0
MAGDALENA,GUAMAL,47318,33.24640429903588,60.3,0.0
MAGDALENA,NUEVA GRANADA,47460,68.54538157215757,66.4,0.0
MAGDALENA,PEDRAZA,47541,35.05086537191175,56.2,0.0
MAGDALENA,PIJIÑO DEL CARMEN,47545,48.93866859362298,60.8,0.0
MAGDALENA,PIVIJAY,47551,25.04654951704876,52.4,0.0
MAGDALENA,PLATO,47555,37.417413139102095,52.7,0.0
MAGDALENA,PUEBLOVIEJO,47570,45.36129300881941,58.0,0.0
MAGDALENA,REMOLINO,47605,21.161695447409734,50.6,0.0
MAGDALENA,SABANAS DE SAN ANGEL,47660,58.873780878479394,69.4,0.0
MAGDALENA,SALAMINA,47675,26.677350427350426,44.3,0.0
MAGDALENA,SAN SEBASTIÁN DE BUENAVISTA,47692,42.68221574344023,63.8,0.0
MAGDALENA,SAN ZENÓN,47703,27.259022789749046,56.4,0.0
MAGDALENA,SANTA ANA,47707,30.640828011451223,47.3,0.0
MAGDALENA,SANTA BÁRBARA DE PINTO,47720,38.42696629213483,57.8,0.0
MAGDALENA,SITIONUEVO,47745,48.55061230816928,70.7,0.0
MAGDALENA,TENERIFE,47798,39.380459398252995,56.3,0.0
MAGDALENA,ZAPAYÁN,47960,50.13943760167325,70.4,0.0
MAGDALENA,ZONA BANANERA,47980,28.765605820185023,48.6,0.0
META,VILLAVICENCIO,50001,6.375731462342427,15.9,0.0
META,ACACÍAS,50006,6.341562394318566,19.2,0.0
META,BARRANCA DE UPÍA,50110,16.229648671808054,36.5,0.0
META,CABUYARO,50124,17.631993695823482,32.2,0.0
META,CASTILLA LA NUEVA,50150,9.854986682450429,23.1,0.0
META,CUBARRAL,50223,7.536647546207775,21.8,0.0
META,CUMARAL,50226,8.375874456418982,22.7,0.0
META,EL CALVARIO,50245,4.397981254506129,29.7,0.0
META,EL CASTILLO,50251,26.540741762029505,42.2,0.0
META,EL DORADO,50270,15.491393670183232,28.9,0.0
META,FUENTE DE ORO,50287,17.68377253814147,32.0,0.0
META,GRANADA,50313,11.168092058975281,29.6,0.0
META,GUAMAL,50318,8.714502492954693,22.6,0.0
META,MAPIRIPÁN,50325,52.54942767950052,64.2,0.0
META,MESETAS,50330,29.992730293903833,45.1,0.0
META,LA MACARENA,50350,41.84657984683944,67.9,0.0
META,URIBE,50370,53.147933565083044,60.4,0.0
META,LEJANÍAS,50400,20.458015267175572,39.9,0.0
META,PUERTO CONCORDIA,50450,46.25936745840213,53.0,0.0
META,PUERTO GAITÁN,50568,44.84193433805247,51.8,0.0
META,PUERTO LÓPEZ,50573,19.18910222031535,32.7,0.0
META,PUERTO LLERAS,50577,32.984353428439945,43.5,0.0
META,PUERTO RICO,50590,37.14311610622678,47.1,0.0
META,RESTREPO,50606,6.056924678930927,15.3,0.0
META,SAN CARLOS DE GUAROA,50680,16.291986247024596,31.9,0.0
META,SAN JUAN DE ARAMA,50683,22.831050228310502,37.9,0.0
META,SAN JUANITO,50686,10.126582278481013,43.2,0.0
META,SAN MARTÍN,50689,16.469450711358718,25.5,0.0
META,VISTAHERMOSA,50711,35.583728229429504,48.5,0.0
NARIÑO,PASTO,52001,8.244979275916554,16.3,0.0
NARIÑO,ALBÁN,52019,15.895495055548773,44.2,0.0
NARIÑO,ALDANA,52022,11.685098952270081,29.1,0.0
NARIÑO,ANCUYÁ,52036,10.800695094238739,22.2,0.0
NARIÑO,ARBOLEDA,52051,25.308156307369526,54.3,0.0
NARIÑO,BARBACOAS,52079,72.19559815406461,76.1,0.0
NARIÑO,BELÉN,52083,13.370239892635464,34.1,0.0
NARIÑO,BUESACO,52110,16.775358683656066,39.2,0.0
NARIÑO,COLÓN,52203,12.982998454404946,42.4,0.0
NARIÑO,CONSACA,52207,13.428401663695782,34.9,0.0
NARIÑO,CONTADERO,52210,18.54851269272699,44.0,0.0
NARIÑO,CÓRDOBA,52215,19.66682403722938,41.8,0.0
NARIÑO,CUASPUD,52224,26.89693593314763,51.4,0.0
NARIÑO,CUMBAL,52227,15.392384916748286,28.6,0.0
NARIÑO,CUMBITARA,52233,20.451422963689893,39.4,0.0
NARIÑO,CHACHAGÜÍ,52240,18.046451404062474,32.2,0.0
NARIÑO,EL CHARCO,52250,58.15575910018509,75.9,0.0
NARIÑO,EL PEÑOL,52254,16.319612590799032,43.0,0.0
NARIÑO,EL ROSARIO,52256,20.221606648199447,52.1,0.0
NARIÑO,EL TABLÓN DE GÓMEZ,52258,25.810351341140915,50.4,0.0
NARIÑO,EL TAMBO,52260,16.64792804368776,31.9,0.0
NARIÑO,FUNES,52287,23.35813652539631,41.1,0.0
NARIÑO,GUACHUCAL,52317,14.009020960466968,30.4,0.0
NARIÑO,GUAITARILLA,52320,14.098756265082606,33.6,0.0
NARIÑO,GUALMATÁN,52323,15.643879173290937,30.9,0.0
NARIÑO,ILES,52352,27.165354330708663,43.6,0.0
NARIÑO,IMUÉS,52354,14.643363249881908,40.2,0.0
NARIÑO,IPIALES,52356,10.546056471443745,23.4,0.0
NARIÑO,LA CRUZ,52378,11.601944661184802,27.8,0.0
NARIÑO,LA FLORIDA,52381,32.51906709406433,59.0,0.0
NARIÑO,LA LLANADA,52385,18.925014095094905,33.6,0.0
NARIÑO,LA TOLA,52390,82.2986146741919,73.9,0.0
NARIÑO,LA UNIÓN,52399,19.15699407371042,48.6,0.0
NARIÑO,LEIVA,52405,27.033288623338617,55.3,0.0
NARIÑO,LINARES,52411,14.459716169404402,32.9,0.0
NARIÑO,LOS ANDES,52418,23.701485661637683,44.9,0.0
NARIÑO,MAGÜI,52427,82.50890167077513,85.3,0.0
NARIÑO,MALLAMA,52435,11.803813346713497,39.0,0.0
NARIÑO,MOSQUERA,52473,79.18055283277789,70.2,0.0
NARIÑO,NARIÑO,52480,25.230846019465936,40.8,0.0
NARIÑO,OLAYA HERRERA,52490,77.4583255291253,75.9,0.0
NARIÑO,OSPINA,52506,15.844636251541306,28.9,0.0
NARIÑO,FRANCISCO PIZARRO,52520,49.959623149394346,69.5,0.0
NARIÑO,POLICARPA,52540,16.664621425941835,38.7,0.0
NARIÑO,POTOSÍ,52560,12.260536398467433,27.5,0.0
NARIÑO,PROVIDENCIA,52565,22.75384282312189,55.3,0.0
NARIÑO,PUERRES,52573,13.987424368252462,32.7,0.0
NARIÑO,PUPIALES,52585,14.709999391394316,32.2,0.0
NARIÑO,RICAURTE,52612,62.34571317872364,71.9,0.0
NARIÑO,ROBERTO PAYÁN,52621,44.41898214456221,81.0,0.0
NARIÑO,SAMANIEGO,52678,26.644722960712325,47.7,0.0
NARIÑO,SANDONÁ,52683,14.657323352975526,28.9,0.0
NARIÑO,SAN BERNARDO,52685,21.241830065359476,59.4,0.0
NARIÑO,SAN LORENZO,52687,21.682906291350896,55.3,0.0
NARIÑO,SAN PABLO,52693,11.5304145679969,41.1,0.0
NARIÑO,SAN PEDRO DE CARTAGO,52694,22.48934875228241,54.6,0.0
NARIÑO,SANTA BÁRBARA,52696,74.26855045055068,75.1,0.0
NARIÑO,SANTACRUZ,52699,41.138919850035464,65.1,0.0
NARIÑO,SAPUYES,52720,25.935596170583114,43.0,0.0
NARIÑO,TAMINANGO,52786,16.24059174669089,36.1,0.0
NARIÑO,TANGUA,52788,22.369567321653278,46.0,0.0
NARIÑO,SAN ANDRÉS DE TUMACO,52835,27.616378223665674,53.7,0.0
NARIÑO,TÚQUERRES,52838,15.17573790832518,32.5,0.0
NARIÑO,YACUANQUER,52885,18.205879572738443,44.2,0.0
NORTE DE SANTANDER,CÚCUTA,54001,13.750122052922148,25.7,0.0
NORTE DE SANTANDER,ABREGO,54003,27.89029816056843,55.8,0.0
NORTE DE SANTANDER,ARBOLEDAS,54051,29.967909158232533,53.5,0.0
NORTE DE SANTANDER,BOCHALEMA,54099,16.19338867045289,36.3,0.0
NORTE DE SANTANDER,BUCARASICA,54109,36.675180928054495,67.9,0.0
NORTE DE SANTANDER,CÁCOTA,54125,23.797282409107602,48.9,0.0
NORTE DE SANTANDER,CACHIRÁ,54128,25.040499884286046,56.4,0.0
NORTE DE SANTANDER,CHINÁCOTA,54172,15.116570569064928,30.3,0.0
NORTE DE SANTANDER,CHITAGÁ,54174,31.8173204472238,54.8,0.0
NORTE DE SANTANDER,CONVENCIÓN,54206,31.24335812964931,64.0,0.0
NORTE DE SANTANDER,CUCUTILLA,54223,36.17939330543933,71.1,0.0
NORTE DE SANTANDER,DURANIA,54239,24.021067094114954,44.5,0.0
NORTE DE SANTANDER,EL CARMEN,54245,48.71644786353374,68.9,0.0
NORTE DE SANTANDER,EL TARRA,54250,50.595175392394395,71.2,0.0
NORTE DE SANTANDER,EL ZULIA,54261,22.554713642832418,41.9,0.0
NORTE DE SANTANDER,GRAMALOTE,54313,14.251901944209637,42.3,0.0
NORTE DE SANTANDER,HACARÍ,54344,42.35086260652671,73.4,0.0
NORTE DE SANTANDER,HERRÁN,54347,29.43058221369162,52.4,0.0
NORTE DE SANTANDER,LABATECA,54377,16.10689779703864,41.3,0.0
NORTE DE SANTANDER,LA ESPERANZA,54385,30.72463768115942,57.1,0.0
NORTE DE SANTANDER,LA PLAYA,54398,24.40526168485866,67.9,0.0
NORTE DE SANTANDER,LOS PATIOS,54405,9.859207022388796,21.4,0.0
NORTE DE SANTANDER,LOURDES,54418,22.04330927262632,45.3,0.0
NORTE DE SANTANDER,MUTISCUA,54480,14.85479311231046,42.2,0.0
NORTE DE SANTANDER,OCAÑA,54498,12.576917168906038,31.4,0.0
NORTE DE SANTANDER,PAMPLONA,54518,8.686530521147194,20.5,0.0
NORTE DE SANTANDER,PAMPLONITA,54520,16.04787989450193,41.7,0.0
NORTE DE SANTANDER,PUERTO SANTANDER,54553,19.31441208993734,42.9,0.0
NORTE DE SANTANDER,RAGONVALIA,54599,19.624605091990336,41.4,0.0
NORTE DE SANTANDER,SALAZAR,54660,18.982118294360387,48.8,0.0
NORTE DE SANTANDER,SAN CALIXTO,54670,38.51739788199698,73.5,0.0
NORTE DE SANTANDER,SAN CAYETANO,54673,22.92945933802606,37.6,0.0
NORTE DE SANTANDER,SANTIAGO,54680,19.909061383566094,48.1,0.0
NORTE DE SANTANDER,SARDINATA,54720,37.17566992769034,53.8,0.0
NORTE DE SANTANDER,SILOS,54743,14.773323997899528,46.6,0.0
NORTE DE SANTANDER,TEORAMA,54800,38.245476003147125,67.1,0.0
NORTE DE SANTANDER,TIBÚ,54810,46.17159393086188,57.6,0.0
NORTE DE SANTANDER,TOLEDO,54820,33.11657522183838,50.1,0.0
NORTE DE SANTANDER,VILLA CARO,54871,31.35593220338983,64.8,0.0
NORTE DE SANTANDER,VILLA DEL ROSARIO,54874,14.564404061998932,24.6,0.0
QUINDIO,ARMENIA,63001,5.376065222870376,14.4,0.0
QUINDIO,BUENAVISTA,63111,11.637448713166728,29.0,0.0
QUINDIO,CALARCA,63130,7.249949543003777,19.9,0.0
QUINDIO,CIRCASIA,63190,6.522702104097453,17.3,0.0
QUINDIO,CÓRDOBA,63212,10.079767947788252,30.7,0.0
QUINDIO,FILANDIA,63272,6.268443172672807,18.1,0.0
QUINDIO,GÉNOVA,63302,11.390070921985815,33.1,0.0
QUINDIO,LA TEBAIDA,63401,10.227447600874088,27.4,0.0
QUINDIO,MONTENEGRO,63470,11.127554214810177,25.8,0.0
QUINDIO,PIJAO,63548,8.529048207663783,28.8,0.0
QUINDIO,QUIMBAYA,63594,7.604457785598454,22.0,0.0
QUINDIO,SALENTO,63690,5.834445927903872,19.7,0.0
RISARALDA,PEREIRA,66001,5.8782165705322065,15.1,0.0
RISARALDA,APÍA,66045,9.566685424873382,33.6,0.0
RISARALDA,BALBOA,66075,9.967845659163988,31.6,0.0
RISARALDA,BELÉN DE UMBRÍA,66088,13.024581736610898,35.6,0.0
RISARALDA,DOSQUEBRADAS,66170,4.347445541088097,13.7,0.0
RISARALDA,GUÁTICA,66318,10.958666203542897,36.5,0.0
RISARALDA,LA CELIA,66383,12.13844653883653,37.5,0.0
RISARALDA,LA VIRGINIA,66400,6.5856208138139305,19.0,0.0
RISARALDA,MARSELLA,66440,17.29347685125146,33.3,0.0
RISARALDA,MISTRATÓ,66456,41.17203693235349,65.3,0.0
RISARALDA,PUEBLO RICO,66572,55.47161965486173,70.5,0.0
RISARALDA,QUINCHÍA,66594,16.416487967595902,41.4,0.0
RISARALDA,SANTA ROSA DE CABAL,66682,7.708327430368628,21.2,0.0
RISARALDA,SANTUARIO,66687,10.337480824953127,39.9,0.0
SANTANDER,BUCARAMANGA,68001,5.558569883804014,14.2,0.0
SANTANDER,AGUADA,68013,16.555488174651305,41.8,0.0
SANTANDER,ALBANIA,68020,15.482310250982763,48.1,0.0
SANTANDER,ARATOCA,68051,20.124666073018698,40.6,0.0
SANTANDER,BARBOSA,68077,8.076133477156477,21.6,0.0
SANTANDER,BARICHARA,68079,11.002509576013736,28.5,0.0
SANTANDER,BARRANCABERMEJA,68081,11.647489064220554,26.4,0.0
SANTANDER,BETULIA,68092,21.581485053037607,43.9,0.0
SANTANDER,BOLÍVAR,68101,25.67553247854191,45.5,0.0
SANTANDER,CABRERA,68121,12.834890965732088,34.0,0.0
SANTANDER,CALIFORNIA,68132,6.894618834080718,21.2,0.0
SANTANDER,CAPITANEJO,68147,16.357088703563306,35.7,0.0
SANTANDER,CARCASÍ,68152,28.18401937046005,60.8,0.0
SANTANDER,CEPITÁ,68160,12.680577849117174,32.0,0.0
SANTANDER,CERRITO,68162,16.05263157894737,41.9,0.0
SANTANDER,CHARALÁ,68167,8.43241265776477,26.9,0.0
SANTANDER,CHARTA,68169,9.985785358919687,35.1,0.0
SANTANDER,CHIMA,68176,19.4585448392555,45.2,0.0
SANTANDER,CHIPATÁ,68179,15.244464944649447,42.8,0.0
SANTANDER,CIMITARRA,68190,17.8923640462102,36.0,0.0
SANTANDER,CONCEPCIÓN,68207,16.641509433962263,36.2,0.0
SANTANDER,CONFINES,68209,10.854583046175051,32.6,0.0
SANTANDER,CONTRATACIÓN,68211,8.7134318968229,29.2,0.0
SANTANDER,COROMORO,68217,21.54973821989529,53.6,0.0
SANTANDER,CURITÍ,68229,14,35.7,0.0
SANTANDER,EL CARMEN DE CHUCURÍ,68235,43.06939147264758,58.9,0.0
SANTANDER,EL GUACAMAYO,68245,9.805115712545676,33.0,0.0
SANTANDER,EL PEÑÓN,68250,31.94139194139194,57.8,0.0
SANTANDER,EL PLAYÓN,68255,27.313084112149532,45.7,0.0
SANTANDER,ENCINO,68264,9.879725085910653,32.0,0.0
SANTANDER,ENCISO,68266,19.485511531638085,35.3,0.0
SANTANDER,FLORIÁN,68271,31.266318537859007,56.0,0.0
SANTANDER,FLORIDABLANCA,68276,3.9718579642907863,11.0,0.0
SANTANDER,GALÁN,68296,17.704426106526633,41.9,0.0
SANTANDER,GAMBITA,68298,23.859749144811857,51.1,0.0
SANTANDER,GIRÓN,68307,6.665277226857423,16.5,0.0
SANTANDER,GUACA,68318,18.582375478927204,60.3,0.0
SANTANDER,GUADALUPE,68320,13.986380303823992,39.1,0.0
SANTANDER,GUAPOTÁ,68322,12.573099415204679,31.4,0.0
SANTANDER,GUAVATÁ,68324,13.367129135538955,40.4,0.0
SANTANDER,GÜEPSA,68327,10.699681962744208,29.6,0.0
SANTANDER,HATO,68344,19.90566037735849,46.9,0.0
SANTANDER,JESÚS MARÍA,68368,12.52092400401741,40.8,0.0
SANTANDER,JORDÁN,68370,24.849527085124677,53.7,0.0
SANTANDER,LA BELLEZA,68377,11.363636363636363,36.1,0.0
SANTANDER,LANDÁZURI,68385,17.538728198461705,49.1,0.0
SANTANDER,LA PAZ,68397,8.178625188158556,36.1,0.0
SANTANDER,LEBRÍJA,68406,10.215227333871402,27.0,0.0
SANTANDER,LOS SANTOS,68418,21.123921631863258,44.6,0.0
SANTANDER,MACARAVITA,68425,24.272300469483568,50.3,0.0
SANTANDER,MÁLAGA,68432,7.640414984412531,19.3,0.0
SANTANDER,MATANZA,68444,13.937360178970918,38.2,0.0
SANTANDER,MOGOTES,68464,20.97300504301394,49.4,0.0
SANTANDER,MOLAGAVITA,68468,26.845466155810982,51.9,0.0
SANTANDER,OCAMONTE,68498,12.232752920432004,38.6,0.0
SANTANDER,OIBA,68500,12.592665810022734,31.8,0.0
SANTANDER,ONZAGA,68502,26.04378818737271,55.1,0.0
SANTANDER,PALMAR,68522,14.228295819935692,32.5,0.0
SANTANDER,PALMAS DEL SOCORRO,68524,12.088815789473685,27.3,0.0
SANTANDER,PÁRAMO,68533,10.424710424710424,31.5,0.0
SANTANDER,PIEDECUESTA,68547,5.552151155368313,16.2,0.0
SANTANDER,PINCHOTE,68549,7.067534215840252,23.8,0.0
SANTANDER,PUENTE NACIONAL,68572,7.2122721066581,26.4,0.0
SANTANDER,PUERTO PARRA,68573,18.45212068211631,36.1,0.0
SANTANDER,PUERTO WILCHES,68575,32.099817023156035,40.3,0.0
SANTANDER,RIONEGRO,68615,16.272341774660166,37.8,0.0
SANTANDER,SABANA DE TORRES,68655,21.065733458402484,36.6,0.0
SANTANDER,SAN ANDRÉS,68669,13.487789605510331,42.4,0.0
SANTANDER,SAN BENITO,68673,11.977818853974123,49.8,0.0
SANTANDER,SAN GIL,68679,5.023489808752266,13.7,0.0
SANTANDER,SAN JOAQUÍN,68682,12.874942316566681,41.4,0.0
SANTANDER,SAN JOSÉ DE MIRANDA,68684,26.234269119070667,47.6,0.0
SANTANDER,SAN MIGUEL,68686,17.87916152897657,33.6,0.0
SANTANDER,SAN VICENTE DE CHUCURÍ,68689,22.17663421418637,34.9,0.0
SANTANDER,SANTA BÁRBARA,68705,16.74854845913354,53.8,0.0
SANTANDER,SANTA HELENA DEL OPÓN,68720,22.658227848101266,47.9,0.0
SANTANDER,SIMACOTA,68745,24.797009923959273,44.5,0.0
SANTANDER,SOCORRO,68755,4.134598792062122,15.1,0.0
SANTANDER,SUAITA,68770,14.166380592745165,37.8,0.0
SANTANDER,SUCRE,68773,15.319642265650877,47.1,0.0
SANTANDER,SURATÁ,68780,17.869318181818183,44.2,0.0
SANTANDER,TONA,68820,13.45808383233533,45.8,0.0
SANTANDER,VALLE DE SAN JOSÉ,68855,8.923512747875353,36.6,0.0
SANTANDER,VÉLEZ,68861,12.697203786312697,32.3,0.0
SANTANDER,VETAS,68867,8.683314415437003,31.9,0.0
SANTANDER,VILLANUEVA,68872,9.308550185873607,27.5,0.0
SANTANDER,ZAPATOCA,68895,6.632825719120135,26.9,0.0
SUCRE,SINCELEJO,70001,18.89944185195352,30.4,0.0
SUCRE,BUENAVISTA,70110,36.571714142928535,49.1,0.0
SUCRE,CAIMITO,70124,32.18813292326157,58.7,0.0
SUCRE,COLOSO,70204,61.027809816737154,59.6,0.0
SUCRE,COROZAL,70215,18.18885919086381,34.5,0.0
SUCRE,COVEÑAS,70221,28.206992267530236,45.0,0.0
SUCRE,CHALÁN,70230,60.271186440677965,73.9,0.0
SUCRE,EL ROBLE,70233,34.72307377886777,64.3,0.0
SUCRE,GALERAS,70235,26.992440337961362,46.1,0.0
SUCRE,GUARANDA,70265,58.17006018696376,66.1,0.0
SUCRE,LA UNIÓN,70400,33.4144222415291,55.8,0.0
SUCRE,LOS PALMITOS,70418,22.234437268104987,41.6,0.0
SUCRE,MAJAGUAL,70429,51.64612837962112,64.4,0.0
SUCRE,MORROA,70473,28.514436405436474,42.8,0.0
SUCRE,OVEJAS,70508,29.275375268048606,51.5,0.0
SUCRE,PALMITO,70523,45.14919419179831,65.1,0.0
SUCRE,SAMPUÉS,70670,41.49763543044131,56.9,0.0
SUCRE,SAN BENITO ABAD,70678,36.22750970169731,63.0,0.0
SUCRE,SAN JUAN DE BETULIA,70702,25.396352809825085,44.8,0.0
SUCRE,SAN MARCOS,70708,30.154740692112913,59.1,0.0
SUCRE,SAN ONOFRE,70713,41.90857524190857,69.0,0.0
SUCRE,SAN PEDRO,70717,30.083287062742922,47.1,0.0
SUCRE,SAN LUIS DE SINCÉ,70742,30.717503643831986,51.1,0.0
SUCRE,SUCRE,70771,48.30420090943223,63.4,0.0
SUCRE,SANTIAGO DE TOLÚ,70820,23.750468574284643,42.7,0.0
SUCRE,TOLÚ VIEJO,70823,30.649428443068935,45.8,0.0
TOLIMA,IBAGUÉ,73001,5.424858164713121,14.8,0.0
TOLIMA,ALPUJARRA,73024,12.475442043222005,30.9,0.0
TOLIMA,ALVARADO,73026,14.064362336114423,38.8,0.0
TOLIMA,AMBALEMA,73030,16.477621091354997,32.9,0.0
TOLIMA,ANZOÁTEGUI,73043,20.906336451060465,55.8,0.0
TOLIMA,ARMERO,73055,14.930248984637117,27.3,0.0
TOLIMA,ATACO,73067,34.77330113074981,64.0,0.0
TOLIMA,CAJAMARCA,73124,11.22827346465817,36.2,0.0
TOLIMA,CARMEN DE APICALÁ,73148,8.550031204493447,20.7,0.0
TOLIMA,CASABIANCA,73152,14.90174672489083,43.8,0.0
TOLIMA,CHAPARRAL,73168,21.12399065269198,39.7,0.0
TOLIMA,COELLO,73200,15.730486991327552,35.8,0.0
TOLIMA,COYAIMA,73217,37.57039844202326,62.1,0.0
TOLIMA,CUNDAY,73226,19.02860087606287,40.8,0.0
TOLIMA,DOLORES,73236,17.956485816579455,32.8,0.0
TOLIMA,ESPINAL,73268,8.89183314973055,19.2,0.0
TOLIMA,FALAN,73270,18.78402903811252,39.3,0.0
TOLIMA,FLANDES,73275,7.04163462594749,17.4,0.0
TOLIMA,FRESNO,73283,11.777175423964415,33.6,0.0
TOLIMA,GUAMO,73319,14.342642603082599,32.2,0.0
TOLIMA,HERVEO,73347,15.673636220720013,54.0,0.0
TOLIMA,HONDA,73349,10.301938205950863,25.8,0.0
TOLIMA,ICONONZO,73352,13.428199218358554,33.7,0.0
TOLIMA,LÉRIDA,73408,13.723410523834778,28.1,0.0
TOLIMA,LÍBANO,73411,11.445599951347077,33.4,0.0
TOLIMA,MARIQUITA,73443,12.04139775568347,27.1,0.0
TOLIMA,MELGAR,73449,9.498711988866846,19.7,0.0
TOLIMA,MURILLO,73461,14.48626045400239,50.4,0.0
TOLIMA,NATAGAIMA,73483,20.65994115174443,42.1,0.0
TOLIMA,ORTEGA,73504,28.346031960083607,51.3,0.0
TOLIMA,PALOCABILDO,73520,17.294296909011756,45.5,0.0
TOLIMA,PIEDRAS,73547,12.341428053642623,27.2,0.0
TOLIMA,PLANADAS,73555,30.46086592568479,55.4,0.0
TOLIMA,PRADO,73563,17.711896617255796,36.6,0.0
TOLIMA,PURIFICACIÓN,73585,15.1239926984551,32.6,0.0
TOLIMA,RIOBLANCO,73616,34.078153684762654,60.5,0.0
TOLIMA,RONCESVALLES,73622,16.70920871784803,42.0,0.0
TOLIMA,ROVIRA,73624,20.840751730959447,47.0,0.0
TOLIMA,SALDAÑA,73671,19.946015058957236,36.3,0.0
TOLIMA,SAN ANTONIO,73675,26.25893012719986,53.7,0.0
TOLIMA,SAN LUIS,73678,16.088639920916055,39.4,0.0
TOLIMA,SANTA ISABEL,73686,12.315957023477916,50.9,0.0
TOLIMA,SUÁREZ,73770,18.86244921648288,34.3,0.0
TOLIMA,VALLE DE SAN JUAN,73854,16.459351399378054,40.4,0.0
TOLIMA,VENADILLO,73861,17.97919762258544,36.3,0.0
TOLIMA,VILLAHERMOSA,73870,13.908450704225352,51.3,0.0
TOLIMA,VILLARRICA,73873,17.842157842157842,38.4,0.0
VALLE DEL CAUCA,CALI,76001,4.113592637677799,11.9,0.0
VALLE DEL CAUCA,ALCALÁ,76020,11.631730374023839,31.9,0.0
VALLE DEL CAUCA,ANDALUCÍA,76036,5.850858309874703,15.3,0.0
VALLE DEL CAUCA,ANSERMANUEVO,76041,12.759568078717015,31.3,0.0
VALLE DEL CAUCA,ARGELIA,76054,15.754792332268371,36.2,0.0
VALLE DEL CAUCA,BOLÍVAR,76100,15.706165911216635,29.7,0.0
VALLE DEL CAUCA,BUENAVENTURA,76109,16.653757380673436,41.0,0.0
VALLE DEL CAUCA,GUADALAJARA DE BUGA,76111,4.1891287769216605,12.3,90000000.0
VALLE DEL CAUCA,BUGALAGRANDE,76113,10.44484793463459,25.8,0.0
VALLE DEL CAUCA,CAICEDONIA,76122,8.460890861778662,24.6,0.0
VALLE DEL CAUCA,CALIMA,76126,8.735014985014985,25.7,0.0
VALLE DEL CAUCA,CANDELARIA,76130,6.442464490818424,15.5,0.0
VALLE DEL CAUCA,CARTAGO,76147,5.3997188977384045,16.6,0.0
VALLE DEL CAUCA,DAGUA,76233,10.981036662452592,28.4,0.0
VALLE DEL CAUCA,EL ÁGUILA,76243,13.929201139292012,43.5,0.0
VALLE DEL CAUCA,EL CAIRO,76246,12.299724874575174,35.8,0.0
VALLE DEL CAUCA,EL CERRITO,76248,6.818223961134084,15.2,0.0
VALLE DEL CAUCA,EL DOVIO,76250,16.701977401129945,37.2,355883500.0
VALLE DEL CAUCA,FLORIDA,76275,8.605899607061819,18.9,0.0
VALLE DEL CAUCA,GINEBRA,76306,5.982274741506647,14.7,0.0
VALLE DEL CAUCA,GUACARÍ,76318,7.181787969425058,16.0,0.0
VALLE DEL CAUCA,JAMUNDÍ,76364,6.56047197640118,14.9,0.0
VALLE DEL CAUCA,LA CUMBRE,76377,9.237479554482436,25.3,0.0
VALLE DEL CAUCA,LA UNIÓN,76400,8.999897844519358,22.5,0.0
VALLE DEL CAUCA,LA VICTORIA,76403,8.37407206228499,22.9,0.0
VALLE DEL CAUCA,OBANDO,76497,12.342752962625342,31.2,0.0
VALLE DEL CAUCA,PALMIRA,76520,4.569262600568901,11.5,0.0
VALLE DEL CAUCA,PRADERA,76563,10.377878913253344,24.8,0.0
VALLE DEL CAUCA,RESTREPO,76606,9.24363181747148,20.7,0.0
VALLE DEL CAUCA,RIOFRÍO,76616,9.18942040350752,23.2,0.0
VALLE DEL CAUCA,ROLDANILLO,76622,5.809445115362614,16.5,0.0
VALLE DEL CAUCA,SAN PEDRO,76670,7.514563106796117,18.0,0.0
VALLE DEL CAUCA,SEVILLA,76736,10.188224994528344,27.4,0.0
VALLE DEL CAUCA,TORO,76823,10.855154126615844,32.1,0.0
VALLE DEL CAUCA,TRUJILLO,76828,14.952541151027274,34.9,0.0
VALLE DEL CAUCA,TULUÁ,76834,5.547420893401234,13.7,0.0
VALLE DEL CAUCA,ULLOA,76845,7.942162615255658,24.2,0.0
VALLE DEL CAUCA,VERSALLES,76863,10.460452430611262,30.6,0.0
VALLE DEL CAUCA,VIJES,76869,7.131551997020762,19.0,0.0
VALLE DEL CAUCA,YOTOCO,76890,8.79300215418761,20.8,0.0
VALLE DEL CAUCA,YUMBO,76892,7.678036851203778,15.6,0.0
VALLE DEL CAUCA,ZARZAL,76895,6.094923018195699,17.2,0.0
ARAUCA,ARAUCA,81001,31.560754049600064,38.6,0.0
ARAUCA,ARAUQUITA,81065,41.56453017212511,49.2,0.0
ARAUCA,CRAVO NORTE,81220,29.829857299670692,48.8,0.0
ARAUCA,FORTUL,81300,34.44866045762907,48.3,0.0
ARAUCA,PUERTO RONDÓN,81591,23.088057901085644,45.0,0.0
ARAUCA,SARAVENA,81736,27.95057194230843,39.4,0.0
ARAUCA,TAME,81794,30.124200225818594,41.9,0.0
CASANARE,YOPAL,85001,11.534975854166936,22.9,0.0
CASANARE,AGUAZUL,85010,14.035560344827585,27.0,0.0
CASANARE,CHAMEZA,85015,17.424629535002556,36.0,0.0
CASANARE,HATO COROZAL,85125,33.03595812471552,56.1,0.0
CASANARE,LA SALINA,85136,24.190800681431003,48.1,0.0
CASANARE,MANÍ,85139,15.736633201027317,30.3,0.0
CASANARE,MONTERREY,85162,8.295615753563467,27.5,0.0
CASANARE,NUNCHÍA,85225,34.039514401333015,56.4,0.0
CASANARE,OROCUÉ,85230,29.919375157470395,45.8,0.0
CASANARE,PAZ DE ARIPORO,85250,22.467310637295324,37.8,0.0
CASANARE,PORE,85263,27.072599531615925,45.2,0.0
CASANARE,RECETOR,85279,28.130081300813007,39.3,0.0
CASANARE,SABANALARGA,85300,11.78036605657238,34.2,0.0
CASANARE,SÁCAMA,85315,30.567164179104477,32.5,0.0
CASANARE,SAN LUIS DE PALENQUE,85325,18.30285099515869,37.0,0.0
CASANARE,TÁMARA,85400,37.555373256767844,55.0,0.0
CASANARE,TAURAMENA,85410,14.613866967305524,27.2,0.0
CASANARE,TRINIDAD,85430,21.5660882327549,38.7,0.0
CASANARE,VILLANUEVA,85440,12.672367549146445,24.6,0.0
PUTUMAYO,MOCOA,86001,10.665384534983382,24.8,0.0
PUTUMAYO,COLÓN,86219,9.963454510482785,22.6,0.0
PUTUMAYO,ORITO,86320,22.742310991300087,39.8,0.0
PUTUMAYO,PUERTO ASÍS,86568,19.342262916003506,44.1,0.0
PUTUMAYO,PUERTO CAICEDO,86569,19.662515791373398,38.9,0.0
PUTUMAYO,PUERTO GUZMÁN,86571,36.165279429250894,62.2,0.0
PUTUMAYO,LEGUÍZAMO,86573,34.113640049737796,53.6,0.0
PUTUMAYO,SIBUNDOY,86749,8.152096659559346,23.0,0.0
PUTUMAYO,SAN FRANCISCO,86755,7.589928057553957,23.5,0.0
PUTUMAYO,SAN MIGUEL,86757,23.023807811263755,48.5,0.0
PUTUMAYO,SANTIAGO,86760,23.6691597008359,37.2,0.0
PUTUMAYO,VALLE DEL GUAMUEZ,86865,16.847145488029465,41.0,0.0
PUTUMAYO,VILLAGARZÓN,86885,14.651681303180597,37.1,0.0
ARCHIPIÉLAGO DE SAN ANDRÉS,SAN ANDRÉS,88001,15.55360484187669,16.8,0.0
ARCHIPIÉLAGO DE SAN ANDRÉS,PROVIDENCIA,88564,8.536853685368538,13.7,0.0
AMAZONAS,LETICIA,91001,27.357347166335387,48.4,0.0
AMAZONAS,EL ENCANTO (ANM),91263,37.50763591936469,77.5,0.0
AMAZONAS,LA CHORRERA (ANM),91405,35.81580443433769,88.1,0.0
AMAZONAS,LA PEDRERA (ANM),91407,78.83190883190883,90.9,0.0
AMAZONAS,LA VICTORIA (ANM),91430,90.96385542168674,96.4,0.0
AMAZONAS,MIRITI - PARANÁ (ANM),91460,85.76470588235294,91.2,0.0
AMAZONAS,PUERTO ALEGRÍA (ANM),91530,42.87812041116006,82.4,0.0
AMAZONAS,PUERTO ARICA (ANM),91536,34.595300261096604,84.6,0.0
AMAZONAS,PUERTO NARIÑO,91540,41.74146014735432,70.4,0.0
AMAZONAS,PUERTO SANTANDER (ANM),91669,49.49179046129789,88.7,0.0
AMAZONAS,TARAPACÁ (ANM),91798,50.79477216531261,80.0,0.0
GUAINÍA,INÍRIDA,94001,50.79994074512999,67.2,0.0
GUAINÍA,BARRANCO MINAS (ANM),94343,76.26066718386346,86.5,0.0
GUAINÍA,MAPIRIPANA (ANM),94663,64.83516483516483,95.5,0.0
GUAINÍA,SAN FELIPE (ANM),94883,88.39122486288848,88.3,0.0
GUAINÍA,PUERTO COLOMBIA (ANM),94884,95.96375617792421,96.3,0.0
GUAINÍA,LA GUADALUPE (ANM),94885,93.63057324840764,84.1,0.0
GUAINÍA,CACAHUAL (ANM),94886,71.66392092257001,90.1,0.0
GUAINÍA,PANA PANA (ANM),94887,93.6016511867905,98.5,0.0
GUAINÍA,MORICHAL (ANM),94888,92.36641221374046,95.7,0.0
GUAVIARE,SAN JOSÉ DEL GUAVIARE,95001,23.781936028057093,42.1,0.0
GUAVIARE,CALAMAR,95015,40.177215189873415,58.0,0.0
GUAVIARE,EL RETORNO,95025,31.881030538147815,51.5,0.0
GUAVIARE,MIRAFLORES,95200,40.069599801143426,66.7,0.0
VAUPÉS,MITÚ,97001,66.74059698733943,74.8,0.0
VAUPÉS,CARURU,97161,44.351669941060905,81.1,0.0
VAUPÉS,PACOA (ANM),97511,93.64746945898779,98.4,0.0
VAUPÉS,TARAIRA,97666,78.93738140417457,85.6,0.0
VAUPÉS,PAPUNAUA (ANM),97777,87.03703703703704,97.9,0.0
VAUPÉS,YAVARATÉ (ANM),97889,76.65847665847666,94.8,0.0
VICHADA,PUERTO CARREÑO,99001,41.98469253101082,55.7,0.0
VICHADA,LA PRIMAVERA,99524,46.57580536156792,63.2,0.0
VICHADA,SANTA ROSALÍA,99624,36.96251378169791,56.8,0.0
VICHADA,CUMARIBO,99773,87.48560844971718,91.4,0.0
TOTAL NACIONAL,TOTAL NACIONAL,00000,14.275220139812358,,0.0
,,.None,,,0.0
