divipola_municipio,nombre_municipio,nombre_departamento,region,categoria
05001,Medellín,Antioquia,Andina,Especial
05002,Abejorral,Antioquia,Andina,Sexta
05004,Abriaquí,Antioquia,Andina,Sexta
05021,Alejandría,Antioquia,Andina,Sexta
05030,Amagá,Antioquia,Andina,Sexta
05031,Amalfi,Antioquia,Andina,Sexta
05034,Andes,Antioquia,Andina,Sexta
05036,Angelópolis,Antioquia,Andina,Sexta
05038,Angostura,Antioquia,Andina,Sexta
05040,Anorí,Antioquia,Andina,Sexta
05042,Santafé de Antioquia,Antioquia,Andina,Sexta
05044,Anza,Antioquia,Andina,Sexta
05045,Apartadó,Antioquia,Andina,Segunda
05051,Arboletes,Antioquia,Andina,Sexta
05055,Argelia,Antioquia,Andina,Sexta
05059,Armenia,Antioquia,Andina,Sexta
05079,Barbosa,Antioquia,Andina,Sexta
05086,Belmira,Antioquia,Andina,Sexta
05088,Bello,Antioquia,Andina,Sexta
05091,Betania,Antioquia,Andina,Sexta
05093,Betulia,Antioquia,Andina,Sexta
05101,Ciudad Bolívar,Antioquia,Andina,Sexta
05107,Briceño,Antioquia,Andina,Sexta
05113,Buriticá,Antioquia,Andina,Sexta
05120,Cáceres,Antioquia,Andina,Sexta
05125,Caicedo,Antioquia,Andina,Sexta
05129,Caldas,Antioquia,Andina,Sexta
05134,Campamento,Antioquia,Andina,Sexta
05138,Cañasgordas,Antioquia,Andina,Sexta
05142,Caracolí,Antioquia,Andina,Sexta
05145,Caramanta,Antioquia,Andina,Sexta
05147,Carepa,Antioquia,Andina,Sexta
05148,El Carmen de Viboral,Antioquia,Andina,Sexta
05150,Carolina,Antioquia,Andina,Sexta
05154,Caucasia,Antioquia,Andina,Sexta
05172,Chigorodó,Antioquia,Andina,Sexta
05190,Cisneros,Antioquia,Andina,Sexta
05197,Cocorná,Antioquia,Andina,Sexta
05206,Concepción,Antioquia,Andina,Sexta
05209,Concordia,Antioquia,Andina,Sexta
05212,Copacabana,Antioquia,Andina,Sexta
05234,Dabeiba,Antioquia,Andina,Sexta
05237,Don Matías,Antioquia,Andina,Sexta
05240,Ebéjico,Antioquia,Andina,Sexta
05250,El Bagre,Antioquia,Andina,Sexta
05264,Entrerrios,Antioquia,Andina,Sexta
05266,Envigado,Antioquia,Andina,Segunda
05282,Fredonia,Antioquia,Andina,Sexta
05284,Frontino,Antioquia,Andina,Sexta
05306,Giraldo,Antioquia,Andina,Sexta
05308,Girardota,Antioquia,Andina,Sexta
05310,Gómez Plata,Antioquia,Andina,Sexta
05313,Granada,Antioquia,Andina,Sexta
05315,Guadalupe,Antioquia,Andina,Sexta
05318,Guarne,Antioquia,Andina,Sexta
05321,Guatapé,Antioquia,Andina,Sexta
05347,Heliconia,Antioquia,Andina,Sexta
05353,Hispania,Antioquia,Andina,Sexta
05360,Itagui,Antioquia,Andina,Primera
05361,Ituango,Antioquia,Andina,Sexta
05364,Jardín,Antioquia,Andina,Sexta
05368,Jericó,Antioquia,Andina,Sexta
05376,La Ceja,Antioquia,Andina,Sexta
05380,La Estrella,Antioquia,Andina,Segunda
05390,La Pintada,Antioquia,Andina,Sexta
05400,La Unión,Antioquia,Andina,Sexta
05411,Liborina,Antioquia,Andina,Sexta
05425,Maceo,Antioquia,Andina,Sexta
05440,Marinilla,Antioquia,Andina,Sexta
05467,Montebello,Antioquia,Andina,Sexta
05475,Murindó,Antioquia,Andina,Sexta
05480,Mutatá,Antioquia,Andina,Sexta
05483,Nariño,Antioquia,Andina,Sexta
05490,Necoclí,Antioquia,Andina,Sexta
05495,Nechí,Antioquia,Andina,Sexta
05501,Olaya,Antioquia,Andina,Sexta
05541,Peñol,Antioquia,Andina,Sexta
05543,Peque,Antioquia,Andina,Sexta
05576,Pueblorrico,Antioquia,Andina,Sexta
05579,Puerto Berrío,Antioquia,Andina,Sexta
05585,Puerto Nare,Antioquia,Andina,Sexta
05591,Puerto Triunfo,Antioquia,Andina,Sexta
05604,Remedios,Antioquia,Andina,Segunda
05607,Retiro,Antioquia,Andina,Sexta
05615,Rionegro,Antioquia,Andina,Segunda
05628,Sabanalarga,Antioquia,Andina,Sexta
05631,Sabaneta,Antioquia,Andina,Tercera
05642,Salgar,Antioquia,Andina,Sexta
05647,San Andrés de Cuerquía,Antioquia,Andina,Sexta
05649,San Carlos,Antioquia,Andina,Sexta
05652,San Francisco,Antioquia,Andina,Sexta
05656,San Jerónimo,Antioquia,Andina,Sexta
05658,San José de la Montaña,Antioquia,Andina,Sexta
05659,San Juan de Urabá,Antioquia,Andina,Sexta
05660,San Luis,Antioquia,Andina,Sexta
05664,San Pedro,Antioquia,Andina,Sexta
05665,San Pedro de Uraba,Antioquia,Andina,Sexta
05667,San Rafael,Antioquia,Andina,Sexta
05670,San Roque,Antioquia,Andina,Sexta
05674,San Vicente,Antioquia,Andina,Sexta
05679,Santa Bárbara,Antioquia,Andina,Sexta
05686,Santa Rosa de Osos,Antioquia,Andina,Sexta
05690,Santo Domingo,Antioquia,Andina,Sexta
05697,El Santuario,Antioquia,Andina,Sexta
05736,Segovia,Antioquia,Andina,Sexta
05756,Sonson,Antioquia,Andina,Sexta
05761,Sopetrán,Antioquia,Andina,Sexta
05789,Támesis,Antioquia,Andina,Sexta
05790,Tarazá,Antioquia,Andina,Sexta
05792,Tarso,Antioquia,Andina,Sexta
05809,Titiribí,Antioquia,Andina,Sexta
05819,Toledo,Antioquia,Andina,Sexta
05837,Turbo,Antioquia,Andina,Segunda
05842,Uramita,Antioquia,Andina,Sexta
05847,Urrao,Antioquia,Andina,Sexta
05854,Valdivia,Antioquia,Andina,Sexta
05856,Valparaíso,Antioquia,Andina,Sexta
05858,Vegachí,Antioquia,Andina,Sexta
05861,Venecia,Antioquia,Andina,Sexta
05873,Vigía del Fuerte,Antioquia,Andina,Sexta
05885,Yalí,Antioquia,Andina,Sexta
05887,Yarumal,Antioquia,Andina,Sexta
05890,Yolombó,Antioquia,Andina,Sexta
05893,Yondó,Antioquia,Andina,Sexta
05895,Zaragoza,Antioquia,Andina,Sexta
08001,Barranquilla,Atlántico,Caribe,Especial
08078,Baranoa,Atlántico,Caribe,Sexta
08137,Campo de la Cruz,Atlántico,Caribe,Sexta
08141,Candelaria,Atlántico,Caribe,Sexta
08296,Galapa,Atlántico,Caribe,Sexta
08372,Juan de Acosta,Atlántico,Caribe,Sexta
08421,Luruaco,Atlántico,Caribe,Sexta
08433,Malambo,Atlántico,Caribe,Sexta
08436,Manatí,Atlántico,Caribe,Sexta
08520,Palmar de Varela,Atlántico,Caribe,Sexta
08549,Piojó,Atlántico,Caribe,Sexta
08558,Polonuevo,Atlántico,Caribe,Sexta
08560,Ponedera,Atlántico,Caribe,Sexta
08573,Puerto Colombia,Atlántico,Caribe,Sexta
08606,Repelón,Atlántico,Caribe,Sexta
08634,Sabanagrande,Atlántico,Caribe,Sexta
08638,Sabanalarga,Atlántico,Caribe,Sexta
08675,Santa Lucía,Atlántico,Caribe,Sexta
08685,Santo Tomás,Atlántico,Caribe,Sexta
08758,Soledad,Atlántico,Caribe,Sexta
08770,Suan,Atlántico,Caribe,Sexta
08832,Tubará,Atlántico,Caribe,Sexta
08849,Usiacurí,Atlántico,Caribe,Sexta
11001,Bogotá D.C.,Bogotá,Bogotá D.C.,Capital
13001,Cartagena,Bolívar,Caribe,Especial
13006,Achí,Bolívar,Caribe,Sexta
13030,Altos del Rosario,Bolívar,Caribe,Sexta
13042,Arenal,Bolívar,Caribe,Sexta
13052,Arjona,Bolívar,Caribe,Sexta
13062,Arroyohondo,Bolívar,Caribe,Sexta
13074,Barranco de Loba,Bolívar,Caribe,Sexta
13140,Calamar,Bolívar,Caribe,Sexta
13160,Cantagallo,Bolívar,Caribe,Sexta
13188,Cicuco,Bolívar,Caribe,Sexta
13212,Córdoba,Bolívar,Caribe,Sexta
13222,Clemencia,Bolívar,Caribe,Sexta
13244,El Carmen de Bolívar,Bolívar,Caribe,Sexta
13248,El Guamo,Bolívar,Caribe,Sexta
13268,El Peñón,Bolívar,Caribe,Sexta
13300,Hatillo de Loba,Bolívar,Caribe,Sexta
13430,Magangué,Bolívar,Caribe,Sexta
13433,Mahates,Bolívar,Caribe,Sexta
13440,Margarita,Bolívar,Caribe,Sexta
13442,María la Baja,Bolívar,Caribe,Sexta
13458,Montecristo,Bolívar,Caribe,Sexta
13468,Mompós,Bolívar,Caribe,Sexta
13473,Morales,Bolívar,Caribe,Sexta
13490,Norosí,Bolívar,Caribe,Sexta
13549,Pinillos,Bolívar,Caribe,Sexta
13580,Regidor,Bolívar,Caribe,Sexta
13600,Río Viejo,Bolívar,Caribe,Sexta
13620,San Cristóbal,Bolívar,Caribe,Sexta
13647,San Estanislao,Bolívar,Caribe,Sexta
13650,San Fernando,Bolívar,Caribe,Sexta
13654,San Jacinto,Bolívar,Caribe,Sexta
13655,San Jacinto del Cauca,Bolívar,Caribe,Sexta
13657,San Juan Nepomuceno,Bolívar,Caribe,Sexta
13667,San Martín de Loba,Bolívar,Caribe,Sexta
13670,San Pablo,Bolívar,Caribe,Sexta
13673,Santa Catalina,Bolívar,Caribe,Sexta
13683,Santa Rosa,Bolívar,Caribe,Sexta
13688,Santa Rosa del Sur,Bolívar,Caribe,Sexta
13744,Simití,Bolívar,Caribe,Sexta
13760,Soplaviento,Bolívar,Caribe,Sexta
13780,Talaigua Nuevo,Bolívar,Caribe,Sexta
13810,Tiquisio,Bolívar,Caribe,Sexta
13836,Turbaco,Bolívar,Caribe,Sexta
13838,Turbaná,Bolívar,Caribe,Sexta
13873,Villanueva,Bolívar,Caribe,Sexta
13894,Zambrano,Bolívar,Caribe,Sexta
15001,Tunja,Boyacá,Andina,Sexta
15022,Almeida,Boyacá,Andina,Sexta
15047,Aquitania,Boyacá,Andina,Sexta
15051,Arcabuco,Boyacá,Andina,Sexta
15087,Belén,Boyacá,Andina,Sexta
15090,Berbeo,Boyacá,Andina,Sexta
15092,Betéitiva,Boyacá,Andina,Sexta
15097,Boavita,Boyacá,Andina,Sexta
15104,Boyacá,Boyacá,Andina,Sexta
15106,Briceño,Boyacá,Andina,Sexta
15109,Buenavista,Boyacá,Andina,Sexta
15114,Busbanzá,Boyacá,Andina,Sexta
15131,Caldas,Boyacá,Andina,Sexta
15135,Campohermoso,Boyacá,Andina,Sexta
15162,Cerinza,Boyacá,Andina,Sexta
15172,Chinavita,Boyacá,Andina,Sexta
15176,Chiquinquirá,Boyacá,Andina,Sexta
15180,Chiscas,Boyacá,Andina,Sexta
15183,Chita,Boyacá,Andina,Sexta
15185,Chitaraque,Boyacá,Andina,Sexta
15187,Chivatá,Boyacá,Andina,Sexta
15189,Ciénega,Boyacá,Andina,Sexta
15204,Cómbita,Boyacá,Andina,Sexta
15212,Coper,Boyacá,Andina,Sexta
15215,Corrales,Boyacá,Andina,Sexta
15218,Covarachía,Boyacá,Andina,Sexta
15223,Cubará,Boyacá,Andina,Sexta
15224,Cucaita,Boyacá,Andina,Sexta
15226,Cuítiva,Boyacá,Andina,Sexta
15232,Chíquiza,Boyacá,Andina,Sexta
15236,Chivor,Boyacá,Andina,Sexta
15238,Duitama,Boyacá,Andina,Sexta
15244,El Cocuy,Boyacá,Andina,Sexta
15248,El Espino,Boyacá,Andina,Sexta
15272,Firavitoba,Boyacá,Andina,Sexta
15276,Floresta,Boyacá,Andina,Sexta
15293,Gachantivá,Boyacá,Andina,Sexta
15296,Gameza,Boyacá,Andina,Sexta
15299,Garagoa,Boyacá,Andina,Sexta
15317,Guacamayas,Boyacá,Andina,Sexta
15322,Guateque,Boyacá,Andina,Sexta
15325,Guayatá,Boyacá,Andina,Sexta
15332,Güicán,Boyacá,Andina,Sexta
15362,Iza,Boyacá,Andina,Sexta
15367,Jenesano,Boyacá,Andina,Sexta
15368,Jericó,Boyacá,Andina,Sexta
15377,Labranzagrande,Boyacá,Andina,Sexta
15380,La Capilla,Boyacá,Andina,Sexta
15401,La Victoria,Boyacá,Andina,Sexta
15403,La Uvita,Boyacá,Andina,Sexta
15407,Villa de Leyva,Boyacá,Andina,Sexta
15425,Macanal,Boyacá,Andina,Sexta
15442,Maripí,Boyacá,Andina,Sexta
15455,Miraflores,Boyacá,Andina,Sexta
15464,Mongua,Boyacá,Andina,Sexta
15466,Monguí,Boyacá,Andina,Sexta
15469,Moniquirá,Boyacá,Andina,Sexta
15476,Motavita,Boyacá,Andina,Sexta
15480,Muzo,Boyacá,Andina,Sexta
15491,Nobsa,Boyacá,Andina,Sexta
15494,Nuevo Colón,Boyacá,Andina,Sexta
15500,Oicatá,Boyacá,Andina,Sexta
15507,Otanche,Boyacá,Andina,Sexta
15511,Pachavita,Boyacá,Andina,Sexta
15514,Páez,Boyacá,Andina,Sexta
15516,Paipa,Boyacá,Andina,Sexta
15518,Pajarito,Boyacá,Andina,Sexta
15522,Panqueba,Boyacá,Andina,Sexta
15531,Pauna,Boyacá,Andina,Sexta
15533,Paya,Boyacá,Andina,Sexta
15537,Paz de Río,Boyacá,Andina,Sexta
15542,Pesca,Boyacá,Andina,Sexta
15550,Pisba,Boyacá,Andina,Sexta
15572,Puerto Boyacá,Boyacá,Andina,Sexta
15580,Quípama,Boyacá,Andina,Sexta
15599,Ramiriquí,Boyacá,Andina,Sexta
15600,Ráquira,Boyacá,Andina,Sexta
15621,Rondón,Boyacá,Andina,Sexta
15632,Saboyá,Boyacá,Andina,Sexta
15638,Sáchica,Boyacá,Andina,Sexta
15646,Samacá,Boyacá,Andina,Sexta
15660,San Eduardo,Boyacá,Andina,Sexta
15664,San José de Pare,Boyacá,Andina,Sexta
15667,San Luis de Gaceno,Boyacá,Andina,Sexta
15673,San Mateo,Boyacá,Andina,Sexta
15676,San Miguel de Sema,Boyacá,Andina,Sexta
15681,San Pablo de Borbur,Boyacá,Andina,Sexta
15686,Santana,Boyacá,Andina,Sexta
15690,Santa María,Boyacá,Andina,Sexta
15693,Santa Rosa de Viterbo,Boyacá,Andina,Sexta
15696,Santa Sofía,Boyacá,Andina,Sexta
15720,Sativanorte,Boyacá,Andina,Sexta
15723,Sativasur,Boyacá,Andina,Sexta
15740,Siachoque,Boyacá,Andina,Sexta
15753,Soatá,Boyacá,Andina,Sexta
15755,Socotá,Boyacá,Andina,Sexta
15757,Socha,Boyacá,Andina,Sexta
15759,Sogamoso,Boyacá,Andina,Sexta
15761,Somondoco,Boyacá,Andina,Sexta
15762,Sora,Boyacá,Andina,Sexta
15763,Sotaquirá,Boyacá,Andina,Sexta
15764,Soracá,Boyacá,Andina,Sexta
15774,Susacón,Boyacá,Andina,Sexta
15776,Sutamarchán,Boyacá,Andina,Sexta
15778,Sutatenza,Boyacá,Andina,Sexta
15790,Tasco,Boyacá,Andina,Sexta
15798,Tenza,Boyacá,Andina,Sexta
15804,Tibaná,Boyacá,Andina,Sexta
15806,Tibasosa,Boyacá,Andina,Sexta
15808,Tinjacá,Boyacá,Andina,Sexta
15810,Tipacoque,Boyacá,Andina,Sexta
15814,Toca,Boyacá,Andina,Sexta
15816,Togüí,Boyacá,Andina,Sexta
15820,Tópaga,Boyacá,Andina,Sexta
15822,Tota,Boyacá,Andina,Sexta
15832,Tununguá,Boyacá,Andina,Sexta
15835,Turmequé,Boyacá,Andina,Sexta
15837,Tuta,Boyacá,Andina,Sexta
15839,Tutazá,Boyacá,Andina,Sexta
15842,Umbita,Boyacá,Andina,Sexta
15861,Ventaquemada,Boyacá,Andina,Sexta
15879,Viracachá,Boyacá,Andina,Sexta
15897,Zetaquira,Boyacá,Andina,Sexta
17001,Manizales,Caldas,Andina,Sexta
17013,Aguadas,Caldas,Andina,Sexta
17042,Anserma,Caldas,Andina,Sexta
17050,Aranzazu,Caldas,Andina,Sexta
17088,Belalcázar,Caldas,Andina,Sexta
17174,Chinchiná,Caldas,Andina,Sexta
17272,Filadelfia,Caldas,Andina,Sexta
17380,La Dorada,Caldas,Andina,Sexta
17388,La Merced,Caldas,Andina,Sexta
17433,Manzanares,Caldas,Andina,Sexta
17442,Marmato,Caldas,Andina,Sexta
17444,Marquetalia,Caldas,Andina,Sexta
17446,Marulanda,Caldas,Andina,Sexta
17486,Neira,Caldas,Andina,Sexta
17495,Norcasia,Caldas,Andina,Sexta
17513,Pácora,Caldas,Andina,Sexta
17524,Palestina,Caldas,Andina,Sexta
17541,Pensilvania,Caldas,Andina,Sexta
17614,Riosucio,Caldas,Andina,Sexta
17616,Risaralda,Caldas,Andina,Sexta
17653,Salamina,Caldas,Andina,Sexta
17662,Samaná,Caldas,Andina,Sexta
17665,San José,Caldas,Andina,Sexta
17777,Supía,Caldas,Andina,Sexta
17867,Victoria,Caldas,Andina,Sexta
17873,Villamaría,Caldas,Andina,Sexta
17877,Viterbo,Caldas,Andina,Sexta
18001,Florencia,Caquetá,Amazonia,Sexta
18029,Albania,Caquetá,Amazonia,Sexta
18094,Belén de los Andaquies,Caquetá,Amazonia,Sexta
18150,Cartagena del Chairá,Caquetá,Amazonia,Sexta
18205,Curillo,Caquetá,Amazonia,Sexta
18247,El Doncello,Caquetá,Amazonia,Sexta
18256,El Paujil,Caquetá,Amazonia,Sexta
18410,La Montañita,Caquetá,Amazonia,Sexta
18460,Milán,Caquetá,Amazonia,Sexta
18479,Morelia,Caquetá,Amazonia,Sexta
18592,Puerto Rico,Caquetá,Amazonia,Sexta
18610,San José del Fragua,Caquetá,Amazonia,Sexta
18753,San Vicente del Caguán,Caquetá,Amazonia,Sexta
18756,Solano,Caquetá,Amazonia,Sexta
18785,Solita,Caquetá,Amazonia,Sexta
18860,Valparaíso,Caquetá,Amazonia,Sexta
19001,Popayán,Cauca,Pacífico,Sexta
19022,Almaguer,Cauca,Pacífico,Sexta
19050,Argelia,Cauca,Pacífico,Sexta
19075,Balboa,Cauca,Pacífico,Sexta
19100,Bolívar,Cauca,Pacífico,Sexta
19110,Buenos Aires,Cauca,Pacífico,Sexta
19130,Cajibío,Cauca,Pacífico,Sexta
19137,Caldono,Cauca,Pacífico,Sexta
19142,Caloto,Cauca,Pacífico,Sexta
19212,Corinto,Cauca,Pacífico,Sexta
19256,El Tambo,Cauca,Pacífico,Sexta
19290,Florencia,Cauca,Pacífico,Sexta
19300,Guachené,Cauca,Pacífico,Sexta
19318,Guapi,Cauca,Pacífico,Sexta
19355,Inzá,Cauca,Pacífico,Sexta
19364,Jambaló,Cauca,Pacífico,Sexta
19392,La Sierra,Cauca,Pacífico,Sexta
19397,La Vega,Cauca,Pacífico,Sexta
19418,López,Cauca,Pacífico,Sexta
19450,Mercaderes,Cauca,Pacífico,Sexta
19455,Miranda,Cauca,Pacífico,Sexta
19473,Morales,Cauca,Pacífico,Sexta
19513,Padilla,Cauca,Pacífico,Sexta
19517,Paez,Cauca,Pacífico,Sexta
19532,Patía,Cauca,Pacífico,Sexta
19533,Piamonte,Cauca,Pacífico,Sexta
19548,Piendamó,Cauca,Pacífico,Sexta
19573,Puerto Tejada,Cauca,Pacífico,Sexta
19585,Puracé,Cauca,Pacífico,Sexta
19622,Rosas,Cauca,Pacífico,Sexta
19693,San Sebastián,Cauca,Pacífico,Sexta
19698,Santander de Quilichao,Cauca,Pacífico,Sexta
19701,Santa Rosa,Cauca,Pacífico,Sexta
19743,Silvia,Cauca,Pacífico,Sexta
19760,Sotara,Cauca,Pacífico,Sexta
19780,Suárez,Cauca,Pacífico,Sexta
19785,Sucre,Cauca,Pacífico,Sexta
19807,Timbío,Cauca,Pacífico,Sexta
19809,Timbiquí,Cauca,Pacífico,Sexta
19821,Toribio,Cauca,Pacífico,Sexta
19824,Totoró,Cauca,Pacífico,Sexta
19845,Villa Rica,Cauca,Pacífico,Sexta
20001,Valledupar,Cesar,Caribe,Sexta
20011,Aguachica,Cesar,Caribe,Sexta
20013,Agustín Codazzi,Cesar,Caribe,Sexta
20032,Astrea,Cesar,Caribe,Sexta
20045,Becerril,Cesar,Caribe,Sexta
20060,Bosconia,Cesar,Caribe,Sexta
20175,Chimichagua,Cesar,Caribe,Sexta
20178,Chiriguaná,Cesar,Caribe,Sexta
20228,Curumaní,Cesar,Caribe,Sexta
20238,El Copey,Cesar,Caribe,Sexta
20250,El Paso,Cesar,Caribe,Sexta
20295,Gamarra,Cesar,Caribe,Sexta
20310,González,Cesar,Caribe,Sexta
20383,La Gloria,Cesar,Caribe,Sexta
20400,La Jagua de Ibirico,Cesar,Caribe,Sexta
20443,Manaure,Cesar,Caribe,Sexta
20517,Pailitas,Cesar,Caribe,Sexta
20550,Pelaya,Cesar,Caribe,Sexta
20570,Pueblo Bello,Cesar,Caribe,Sexta
20614,Río de Oro,Cesar,Caribe,Sexta
20621,La Paz,Cesar,Caribe,Sexta
20710,San Alberto,Cesar,Caribe,Sexta
20750,San Diego,Cesar,Caribe,Sexta
20770,San Martín,Cesar,Caribe,Sexta
20787,Tamalameque,Cesar,Caribe,Sexta
23001,Montería,Córdoba,Caribe,Sexta
23068,Ayapel,Córdoba,Caribe,Sexta
23079,Buenavista,Córdoba,Caribe,Sexta
23090,Canalete,Córdoba,Caribe,Sexta
23162,Cereté,Córdoba,Caribe,Sexta
23168,Chimá,Córdoba,Caribe,Sexta
23182,Chinú,Córdoba,Caribe,Sexta
23189,Ciénaga de Oro,Córdoba,Caribe,Sexta
23300,Cotorra,Córdoba,Caribe,Sexta
23350,La Apartada,Córdoba,Caribe,Sexta
23417,Lorica,Córdoba,Caribe,Sexta
23419,Los Córdobas,Córdoba,Caribe,Sexta
23464,Momil,Córdoba,Caribe,Sexta
23466,Montelíbano,Córdoba,Caribe,Sexta
23500,Moñitos,Córdoba,Caribe,Sexta
23555,Planeta Rica,Córdoba,Caribe,Sexta
23570,Pueblo Nuevo,Córdoba,Caribe,Sexta
23574,Puerto Escondido,Córdoba,Caribe,Sexta
23580,Puerto Libertador,Córdoba,Caribe,Sexta
23586,Purísima,Córdoba,Caribe,Sexta
23660,Sahagún,Córdoba,Caribe,Sexta
23670,San Andrés Sotavento,Córdoba,Caribe,Sexta
23672,San Antero,Córdoba,Caribe,Sexta
23675,San Bernardo del Viento,Córdoba,Caribe,Sexta
23678,San Carlos,Córdoba,Caribe,Sexta
23682,San José de Uré(1),Córdoba,Caribe,Sexta
23686,San Pelayo,Córdoba,Caribe,Sexta
23807,Tierralta,Córdoba,Caribe,Sexta
23815,Tuchín,Córdoba,Caribe,Sexta
23855,Valencia,Córdoba,Caribe,Sexta
25001,Agua de Dios,Cundinamarca,Andina,Sexta
25019,Albán,Cundinamarca,Andina,Sexta
25035,Anapoima,Cundinamarca,Andina,Sexta
25040,Anolaima,Cundinamarca,Andina,Sexta
25053,Arbeláez,Cundinamarca,Andina,Sexta
25086,Beltrán,Cundinamarca,Andina,Sexta
25095,Bituima,Cundinamarca,Andina,Sexta
25099,Bojacá,Cundinamarca,Andina,Sexta
25120,Cabrera,Cundinamarca,Andina,Sexta
25123,Cachipay,Cundinamarca,Andina,Sexta
25126,Cajicá,Cundinamarca,Andina,Sexta
25148,Caparrapí,Cundinamarca,Andina,Sexta
25151,Caqueza,Cundinamarca,Andina,Sexta
25154,Carmen de Carupa,Cundinamarca,Andina,Sexta
25168,Chaguaní,Cundinamarca,Andina,Sexta
25175,Chía,Cundinamarca,Andina,Sexta
25178,Chipaque,Cundinamarca,Andina,Sexta
25181,Choachí,Cundinamarca,Andina,Sexta
25183,Chocontá,Cundinamarca,Andina,Sexta
25200,Cogua,Cundinamarca,Andina,Sexta
25214,Cota,Cundinamarca,Andina,Sexta
25224,Cucunubá,Cundinamarca,Andina,Sexta
25245,El Colegio,Cundinamarca,Andina,Sexta
25258,El Peñón,Cundinamarca,Andina,Sexta
25260,El Rosal,Cundinamarca,Andina,Sexta
25269,Facatativá,Cundinamarca,Andina,Sexta
25279,Fomeque,Cundinamarca,Andina,Sexta
25281,Fosca,Cundinamarca,Andina,Sexta
25286,Funza,Cundinamarca,Andina,Sexta
25288,Fúquene,Cundinamarca,Andina,Sexta
25290,Fusagasugá,Cundinamarca,Andina,Sexta
25293,Gachala,Cundinamarca,Andina,Sexta
25295,Gachancipá,Cundinamarca,Andina,Sexta
25297,Gachetá,Cundinamarca,Andina,Sexta
25299,Gama,Cundinamarca,Andina,Sexta
25307,Girardot,Cundinamarca,Andina,Sexta
25312,Granada,Cundinamarca,Andina,Sexta
25317,Guachetá,Cundinamarca,Andina,Sexta
25320,Guaduas,Cundinamarca,Andina,Sexta
25322,Guasca,Cundinamarca,Andina,Sexta
25324,Guataquí,Cundinamarca,Andina,Sexta
25326,Guatavita,Cundinamarca,Andina,Sexta
25328,Guayabal de Siquima,Cundinamarca,Andina,Sexta
25335,Guayabetal,Cundinamarca,Andina,Sexta
25339,Gutiérrez,Cundinamarca,Andina,Sexta
25368,Jerusalén,Cundinamarca,Andina,Sexta
25372,Junín,Cundinamarca,Andina,Sexta
25377,La Calera,Cundinamarca,Andina,Sexta
25386,La Mesa,Cundinamarca,Andina,Sexta
25394,La Palma,Cundinamarca,Andina,Sexta
25398,La Peña,Cundinamarca,Andina,Sexta
25402,La Vega,Cundinamarca,Andina,Sexta
25407,Lenguazaque,Cundinamarca,Andina,Sexta
25426,Macheta,Cundinamarca,Andina,Sexta
25430,Madrid,Cundinamarca,Andina,Sexta
25436,Manta,Cundinamarca,Andina,Sexta
25438,Medina,Cundinamarca,Andina,Sexta
25473,Mosquera,Cundinamarca,Andina,Sexta
25483,Nariño,Cundinamarca,Andina,Sexta
25486,Nemocón,Cundinamarca,Andina,Sexta
25488,Nilo,Cundinamarca,Andina,Sexta
25489,Nimaima,Cundinamarca,Andina,Sexta
25491,Nocaima,Cundinamarca,Andina,Sexta
25506,Venecia,Cundinamarca,Andina,Sexta
25513,Pacho,Cundinamarca,Andina,Sexta
25518,Paime,Cundinamarca,Andina,Sexta
25524,Pandi,Cundinamarca,Andina,Sexta
25530,Paratebueno,Cundinamarca,Andina,Sexta
25535,Pasca,Cundinamarca,Andina,Sexta
25572,Puerto Salgar,Cundinamarca,Andina,Sexta
25580,Pulí,Cundinamarca,Andina,Sexta
25592,Quebradanegra,Cundinamarca,Andina,Sexta
25594,Quetame,Cundinamarca,Andina,Sexta
25596,Quipile,Cundinamarca,Andina,Sexta
25599,Apulo,Cundinamarca,Andina,Sexta
25612,Ricaurte,Cundinamarca,Andina,Sexta
25645,San Antonio del Tequendama,Cundinamarca,Andina,Sexta
25649,San Bernardo,Cundinamarca,Andina,Sexta
25653,San Cayetano,Cundinamarca,Andina,Sexta
25658,San Francisco,Cundinamarca,Andina,Sexta
25662,San Juan de Río Seco,Cundinamarca,Andina,Sexta
25718,Sasaima,Cundinamarca,Andina,Sexta
25736,Sesquilé,Cundinamarca,Andina,Sexta
25740,Sibaté,Cundinamarca,Andina,Sexta
25743,Silvania,Cundinamarca,Andina,Sexta
25745,Simijaca,Cundinamarca,Andina,Sexta
25754,Soacha,Cundinamarca,Andina,Sexta
25758,Sopó,Cundinamarca,Andina,Sexta
25769,Subachoque,Cundinamarca,Andina,Sexta
25772,Suesca,Cundinamarca,Andina,Sexta
25777,Supatá,Cundinamarca,Andina,Sexta
25779,Susa,Cundinamarca,Andina,Sexta
25781,Sutatausa,Cundinamarca,Andina,Sexta
25785,Tabio,Cundinamarca,Andina,Sexta
25793,Tausa,Cundinamarca,Andina,Sexta
25797,Tena,Cundinamarca,Andina,Sexta
25799,Tenjo,Cundinamarca,Andina,Sexta
25805,Tibacuy,Cundinamarca,Andina,Sexta
25807,Tibirita,Cundinamarca,Andina,Sexta
25815,Tocaima,Cundinamarca,Andina,Sexta
25817,Tocancipá,Cundinamarca,Andina,Sexta
25823,Topaipí,Cundinamarca,Andina,Sexta
25839,Ubalá,Cundinamarca,Andina,Sexta
25841,Ubaque,Cundinamarca,Andina,Sexta
25843,Villa de San Diego de Ubate,Cundinamarca,Andina,Sexta
25845,Une,Cundinamarca,Andina,Sexta
25851,Útica,Cundinamarca,Andina,Sexta
25862,Vergara,Cundinamarca,Andina,Sexta
25867,Vianí,Cundinamarca,Andina,Sexta
25871,Villagómez,Cundinamarca,Andina,Sexta
25873,Villapinzón,Cundinamarca,Andina,Sexta
25875,Villeta,Cundinamarca,Andina,Sexta
25878,Viotá,Cundinamarca,Andina,Sexta
25885,Yacopí,Cundinamarca,Andina,Sexta
25898,Zipacón,Cundinamarca,Andina,Sexta
25899,Zipaquirá,Cundinamarca,Andina,Sexta
27001,Quibdó,Chocó,Pacífico,Sexta
27006,Acandí,Chocó,Pacífico,Sexta
27025,Alto Baudo,Chocó,Pacífico,Sexta
27050,Atrato,Chocó,Pacífico,Sexta
27073,Bagadó,Chocó,Pacífico,Sexta
27075,Bahía Solano,Chocó,Pacífico,Sexta
27077,Bajo Baudó,Chocó,Pacífico,Sexta
27099,Bojaya,Chocó,Pacífico,Sexta
27135,El Cantón del San Pablo,Chocó,Pacífico,Sexta
27150,Carmen del Darien,Chocó,Pacífico,Sexta
27160,Cértegui,Chocó,Pacífico,Sexta
27205,Condoto,Chocó,Pacífico,Sexta
27245,El Carmen de Atrato,Chocó,Pacífico,Sexta
27250,El Litoral del San Juan,Chocó,Pacífico,Sexta
27361,Istmina,Chocó,Pacífico,Sexta
27372,Juradó,Chocó,Pacífico,Sexta
27413,Lloró,Chocó,Pacífico,Sexta
27425,Medio Atrato,Chocó,Pacífico,Sexta
27430,Medio Baudó,Chocó,Pacífico,Sexta
27450,Medio San Juan,Chocó,Pacífico,Sexta
27491,Nóvita,Chocó,Pacífico,Sexta
27495,Nuquí,Chocó,Pacífico,Sexta
27580,Río Iro,Chocó,Pacífico,Sexta
27600,Río Quito,Chocó,Pacífico,Sexta
27615,Riosucio,Chocó,Pacífico,Sexta
27660,San José del Palmar,Chocó,Pacífico,Sexta
27745,Sipí,Chocó,Pacífico,Sexta
27787,Tadó,Chocó,Pacífico,Sexta
27800,Unguía,Chocó,Pacífico,Sexta
27810,Unión Panamericana,Chocó,Pacífico,Sexta
41001,Neiva,Huila,Andina,Sexta
41006,Acevedo,Huila,Andina,Sexta
41013,Agrado,Huila,Andina,Sexta
41016,Aipe,Huila,Andina,Sexta
41020,Algeciras,Huila,Andina,Sexta
41026,Altamira,Huila,Andina,Sexta
41078,Baraya,Huila,Andina,Sexta
41132,Campoalegre,Huila,Andina,Sexta
41206,Colombia,Huila,Andina,Sexta
41244,Elías,Huila,Andina,Sexta
41298,Garzón,Huila,Andina,Sexta
41306,Gigante,Huila,Andina,Sexta
41319,Guadalupe,Huila,Andina,Sexta
41349,Hobo,Huila,Andina,Sexta
41357,Iquira,Huila,Andina,Sexta
41359,Isnos,Huila,Andina,Sexta
41378,La Argentina,Huila,Andina,Sexta
41396,La Plata,Huila,Andina,Sexta
41483,Nátaga,Huila,Andina,Sexta
41503,Oporapa,Huila,Andina,Sexta
41518,Paicol,Huila,Andina,Sexta
41524,Palermo,Huila,Andina,Sexta
41530,Palestina,Huila,Andina,Sexta
41548,Pital,Huila,Andina,Sexta
41551,Pitalito,Huila,Andina,Sexta
41615,Rivera,Huila,Andina,Sexta
41660,Saladoblanco,Huila,Andina,Sexta
41668,San Agustín,Huila,Andina,Sexta
41676,Santa María,Huila,Andina,Sexta
41770,Suaza,Huila,Andina,Sexta
41791,Tarqui,Huila,Andina,Sexta
41797,Tesalia,Huila,Andina,Sexta
41799,Tello,Huila,Andina,Sexta
41801,Teruel,Huila,Andina,Sexta
41807,Timaná,Huila,Andina,Sexta
41872,Villavieja,Huila,Andina,Sexta
41885,Yaguará,Huila,Andina,Sexta
44001,Riohacha,La Guajira,Caribe,Sexta
44035,Albania,La Guajira,Caribe,Sexta
44078,Barrancas,La Guajira,Caribe,Sexta
44090,Dibulla,La Guajira,Caribe,Sexta
44098,Distracción,La Guajira,Caribe,Sexta
44110,El Molino,La Guajira,Caribe,Sexta
44279,Fonseca,La Guajira,Caribe,Sexta
44378,Hatonuevo,La Guajira,Caribe,Sexta
44420,La Jagua del Pilar,La Guajira,Caribe,Sexta
44430,Maicao,La Guajira,Caribe,Sexta
44560,Manaure,La Guajira,Caribe,Sexta
44650,San Juan del Cesar,La Guajira,Caribe,Sexta
44847,Uribia,La Guajira,Caribe,Sexta
44855,Urumita,La Guajira,Caribe,Sexta
44874,Villanueva,La Guajira,Caribe,Sexta
47001,Santa Marta,Magdalena,Caribe,Sexta
47030,Algarrobo,Magdalena,Caribe,Sexta
47053,Aracataca,Magdalena,Caribe,Sexta
47058,Ariguaní,Magdalena,Caribe,Sexta
47161,Cerro San Antonio,Magdalena,Caribe,Sexta
47170,Chivolo,Magdalena,Caribe,Sexta
47189,Ciénaga,Magdalena,Caribe,Sexta
47205,Concordia,Magdalena,Caribe,Sexta
47245,El Banco,Magdalena,Caribe,Sexta
47258,El Piñon,Magdalena,Caribe,Sexta
47268,El Retén,Magdalena,Caribe,Sexta
47288,Fundación,Magdalena,Caribe,Sexta
47318,Guamal,Magdalena,Caribe,Sexta
47460,Nueva Granada,Magdalena,Caribe,Sexta
47541,Pedraza,Magdalena,Caribe,Sexta
47545,Pijiño del Carmen,Magdalena,Caribe,Sexta
47551,Pivijay,Magdalena,Caribe,Sexta
47555,Plato,Magdalena,Caribe,Sexta
47570,Puebloviejo,Magdalena,Caribe,Sexta
47605,Remolino,Magdalena,Caribe,Sexta
47660,Sabanas de San Angel,Magdalena,Caribe,Sexta
47675,Salamina,Magdalena,Caribe,Sexta
47692,San Sebastián de Buenavista,Magdalena,Caribe,Sexta
47703,San Zenón,Magdalena,Caribe,Sexta
47707,Santa Ana,Magdalena,Caribe,Sexta
47720,Santa Bárbara de Pinto,Magdalena,Caribe,Sexta
47745,Sitionuevo,Magdalena,Caribe,Sexta
47798,Tenerife,Magdalena,Caribe,Sexta
47960,Zapayán,Magdalena,Caribe,Sexta
47980,Zona Bananera,Magdalena,Caribe,Sexta
50001,Villavicencio,Meta,Llanos,Sexta
50006,Acacías,Meta,Llanos,Sexta
50110,Barranca de Upía,Meta,Llanos,Sexta
50124,Cabuyaro,Meta,Llanos,Sexta
50150,Castilla la Nueva,Meta,Llanos,Sexta
50223,Cubarral,Meta,Llanos,Sexta
50226,Cumaral,Meta,Llanos,Sexta
50245,El Calvario,Meta,Llanos,Sexta
50251,El Castillo,Meta,Llanos,Sexta
50270,El Dorado,Meta,Llanos,Sexta
50287,Fuente de Oro,Meta,Llanos,Sexta
50313,Granada,Meta,Llanos,Sexta
50318,Guamal,Meta,Llanos,Sexta
50325,Mapiripán,Meta,Llanos,Sexta
50330,Mesetas,Meta,Llanos,Sexta
50350,La Macarena,Meta,Llanos,Sexta
50370,Uribe,Meta,Llanos,Sexta
50400,Lejanías,Meta,Llanos,Sexta
50450,Puerto Concordia,Meta,Llanos,Sexta
50568,Puerto Gaitán,Meta,Llanos,Sexta
50573,Puerto López,Meta,Llanos,Sexta
50577,Puerto Lleras,Meta,Llanos,Sexta
50590,Puerto Rico,Meta,Llanos,Sexta
50606,Restrepo,Meta,Llanos,Sexta
50680,San Carlos de Guaroa,Meta,Llanos,Sexta
50683,San Juan de Arama,Meta,Llanos,Sexta
50686,San Juanito,Meta,Llanos,Sexta
50689,San Martín,Meta,Llanos,Sexta
50711,Vistahermosa,Meta,Llanos,Sexta
52001,Pasto,Nariño,Pacífico,Sexta
52019,Albán,Nariño,Pacífico,Sexta
52022,Aldana,Nariño,Pacífico,Sexta
52036,Ancuyá,Nariño,Pacífico,Sexta
52051,Arboleda,Nariño,Pacífico,Sexta
52079,Barbacoas,Nariño,Pacífico,Sexta
52083,Belén,Nariño,Pacífico,Sexta
52110,Buesaco,Nariño,Pacífico,Sexta
52203,Colón,Nariño,Pacífico,Sexta
52207,Consaca,Nariño,Pacífico,Sexta
52210,Contadero,Nariño,Pacífico,Sexta
52215,Córdoba,Nariño,Pacífico,Sexta
52224,Cuaspud,Nariño,Pacífico,Sexta
52227,Cumbal,Nariño,Pacífico,Sexta
52233,Cumbitara,Nariño,Pacífico,Sexta
52240,Chachagüí,Nariño,Pacífico,Sexta
52250,El Charco,Nariño,Pacífico,Sexta
52254,El Peñol,Nariño,Pacífico,Sexta
52256,El Rosario,Nariño,Pacífico,Sexta
52258,El Tablón de Gómez,Nariño,Pacífico,Sexta
52260,El Tambo,Nariño,Pacífico,Sexta
52287,Funes,Nariño,Pacífico,Sexta
52317,Guachucal,Nariño,Pacífico,Sexta
52320,Guaitarilla,Nariño,Pacífico,Sexta
52323,Gualmatán,Nariño,Pacífico,Sexta
52352,Iles,Nariño,Pacífico,Sexta
52354,Imués,Nariño,Pacífico,Sexta
52356,Ipiales,Nariño,Pacífico,Sexta
52378,La Cruz,Nariño,Pacífico,Sexta
52381,La Florida,Nariño,Pacífico,Sexta
52385,La Llanada,Nariño,Pacífico,Sexta
52390,La Tola,Nariño,Pacífico,Sexta
52399,La Unión,Nariño,Pacífico,Sexta
52405,Leiva,Nariño,Pacífico,Sexta
52411,Linares,Nariño,Pacífico,Sexta
52418,Los Andes,Nariño,Pacífico,Sexta
52427,Magüi,Nariño,Pacífico,Sexta
52435,Mallama,Nariño,Pacífico,Sexta
52473,Mosquera,Nariño,Pacífico,Sexta
52480,Nariño,Nariño,Pacífico,Sexta
52490,Olaya Herrera,Nariño,Pacífico,Sexta
52506,Ospina,Nariño,Pacífico,Sexta
52520,Francisco Pizarro,Nariño,Pacífico,Sexta
52540,Policarpa,Nariño,Pacífico,Sexta
52560,Potosí,Nariño,Pacífico,Sexta
52565,Providencia,Nariño,Pacífico,Sexta
52573,Puerres,Nariño,Pacífico,Sexta
52585,Pupiales,Nariño,Pacífico,Sexta
52612,Ricaurte,Nariño,Pacífico,Sexta
52621,Roberto Payán,Nariño,Pacífico,Sexta
52678,Samaniego,Nariño,Pacífico,Sexta
52683,Sandoná,Nariño,Pacífico,Sexta
52685,San Bernardo,Nariño,Pacífico,Sexta
52687,San Lorenzo,Nariño,Pacífico,Sexta
52693,San Pablo,Nariño,Pacífico,Sexta
52694,San Pedro de Cartago,Nariño,Pacífico,Sexta
52696,Santa Bárbara,Nariño,Pacífico,Sexta
52699,Santacruz,Nariño,Pacífico,Sexta
52720,Sapuyes,Nariño,Pacífico,Sexta
52786,Taminango,Nariño,Pacífico,Sexta
52788,Tangua,Nariño,Pacífico,Sexta
52835,San Andrés de Tumaco,Nariño,Pacífico,Sexta
52838,Túquerres,Nariño,Pacífico,Sexta
52885,Yacuanquer,Nariño,Pacífico,Sexta
54001,Cúcuta,Norte de Santander,Andina,Especial
54003,Abrego,Norte de Santander,Andina,Sexta
54051,Arboledas,Norte de Santander,Andina,Sexta
54099,Bochalema,Norte de Santander,Andina,Sexta
54109,Bucarasica,Norte de Santander,Andina,Sexta
54125,Cácota,Norte de Santander,Andina,Sexta
54128,Cachirá,Norte de Santander,Andina,Sexta
54172,Chinácota,Norte de Santander,Andina,Sexta
54174,Chitagá,Norte de Santander,Andina,Sexta
54206,Convención,Norte de Santander,Andina,Sexta
54223,Cucutilla,Norte de Santander,Andina,Sexta
54239,Durania,Norte de Santander,Andina,Sexta
54245,El Carmen,Norte de Santander,Andina,Sexta
54250,El Tarra,Norte de Santander,Andina,Sexta
54261,El Zulia,Norte de Santander,Andina,Sexta
54313,Gramalote,Norte de Santander,Andina,Sexta
54344,Hacarí,Norte de Santander,Andina,Sexta
54347,Herrán,Norte de Santander,Andina,Sexta
54377,Labateca,Norte de Santander,Andina,Sexta
54385,La Esperanza,Norte de Santander,Andina,Sexta
54398,La Playa,Norte de Santander,Andina,Sexta
54405,Los Patios,Norte de Santander,Andina,Sexta
54418,Lourdes,Norte de Santander,Andina,Sexta
54480,Mutiscua,Norte de Santander,Andina,Sexta
54498,Ocaña,Norte de Santander,Andina,Sexta
54518,Pamplona,Norte de Santander,Andina,Sexta
54520,Pamplonita,Norte de Santander,Andina,Sexta
54553,Puerto Santander,Norte de Santander,Andina,Sexta
54599,Ragonvalia,Norte de Santander,Andina,Sexta
54660,Salazar,Norte de Santander,Andina,Sexta
54670,San Calixto,Norte de Santander,Andina,Sexta
54673,San Cayetano,Norte de Santander,Andina,Sexta
54680,Santiago,Norte de Santander,Andina,Sexta
54720,Sardinata,Norte de Santander,Andina,Sexta
54743,Silos,Norte de Santander,Andina,Sexta
54800,Teorama,Norte de Santander,Andina,Sexta
54810,Tibú,Norte de Santander,Andina,Sexta
54820,Toledo,Norte de Santander,Andina,Sexta
54871,Villa Caro,Norte de Santander,Andina,Sexta
54874,Villa del Rosario,Norte de Santander,Andina,Sexta
63001,Armenia,Quindío,Andina,Sexta
63111,Buenavista,Quindío,Andina,Sexta
63130,Calarca,Quindío,Andina,Sexta
63190,Circasia,Quindío,Andina,Sexta
63212,Córdoba,Quindío,Andina,Sexta
63272,Filandia,Quindío,Andina,Sexta
63302,Génova,Quindío,Andina,Sexta
63401,La Tebaida,Quindío,Andina,Sexta
63470,Montenegro,Quindío,Andina,Sexta
63548,Pijao,Quindío,Andina,Sexta
63594,Quimbaya,Quindío,Andina,Sexta
63690,Salento,Quindío,Andina,Sexta
66001,Pereira,Risaralda,Andina,Sexta
66045,Apía,Risaralda,Andina,Sexta
66075,Balboa,Risaralda,Andina,Sexta
66088,Belén de Umbría,Risaralda,Andina,Sexta
66170,Dosquebradas,Risaralda,Andina,Sexta
66318,Guática,Risaralda,Andina,Sexta
66383,La Celia,Risaralda,Andina,Sexta
66400,La Virginia,Risaralda,Andina,Sexta
66440,Marsella,Risaralda,Andina,Sexta
66456,Mistrató,Risaralda,Andina,Sexta
66572,Pueblo Rico,Risaralda,Andina,Sexta
66594,Quinchía,Risaralda,Andina,Sexta
66682,Santa Rosa de Cabal,Risaralda,Andina,Sexta
66687,Santuario,Risaralda,Andina,Sexta
68001,Bucaramanga,Santander,Andina,Especial
68013,Aguada,Santander,Andina,Sexta
68020,Albania,Santander,Andina,Sexta
68051,Aratoca,Santander,Andina,Sexta
68077,Barbosa,Santander,Andina,Sexta
68079,Barichara,Santander,Andina,Sexta
68081,Barrancabermeja,Santander,Andina,Sexta
68092,Betulia,Santander,Andina,Sexta
68101,Bolívar,Santander,Andina,Sexta
68121,Cabrera,Santander,Andina,Sexta
68132,California,Santander,Andina,Sexta
68147,Capitanejo,Santander,Andina,Sexta
68152,Carcasí,Santander,Andina,Sexta
68160,Cepitá,Santander,Andina,Sexta
68162,Cerrito,Santander,Andina,Sexta
68167,Charalá,Santander,Andina,Sexta
68169,Charta,Santander,Andina,Sexta
68176,Chima,Santander,Andina,Sexta
68179,Chipatá,Santander,Andina,Sexta
68190,Cimitarra,Santander,Andina,Sexta
68207,Concepción,Santander,Andina,Sexta
68209,Confines,Santander,Andina,Sexta
68211,Contratación,Santander,Andina,Sexta
68217,Coromoro,Santander,Andina,Sexta
68229,Curití,Santander,Andina,Sexta
68235,El Carmen de Chucurí,Santander,Andina,Sexta
68245,El Guacamayo,Santander,Andina,Sexta
68250,El Peñón,Santander,Andina,Sexta
68255,El Playón,Santander,Andina,Sexta
68264,Encino,Santander,Andina,Sexta
68266,Enciso,Santander,Andina,Sexta
68271,Florián,Santander,Andina,Sexta
68276,Floridablanca,Santander,Andina,Sexta
68296,Galán,Santander,Andina,Sexta
68298,Gambita,Santander,Andina,Sexta
68307,Girón,Santander,Andina,Sexta
68318,Guaca,Santander,Andina,Sexta
68320,Guadalupe,Santander,Andina,Sexta
68322,Guapotá,Santander,Andina,Sexta
68324,Guavatá,Santander,Andina,Sexta
68327,Güepsa,Santander,Andina,Sexta
68344,Hato,Santander,Andina,Sexta
68368,Jesús María,Santander,Andina,Sexta
68370,Jordán,Santander,Andina,Sexta
68377,La Belleza,Santander,Andina,Sexta
68385,Landázuri,Santander,Andina,Sexta
68397,La Paz,Santander,Andina,Sexta
68406,Lebríja,Santander,Andina,Sexta
68418,Los Santos,Santander,Andina,Sexta
68425,Macaravita,Santander,Andina,Sexta
68432,Málaga,Santander,Andina,Sexta
68444,Matanza,Santander,Andina,Sexta
68464,Mogotes,Santander,Andina,Sexta
68468,Molagavita,Santander,Andina,Sexta
68498,Ocamonte,Santander,Andina,Sexta
68500,Oiba,Santander,Andina,Sexta
68502,Onzaga,Santander,Andina,Sexta
68522,Palmar,Santander,Andina,Sexta
68524,Palmas del Socorro,Santander,Andina,Sexta
68533,Páramo,Santander,Andina,Sexta
68547,Piedecuesta,Santander,Andina,Sexta
68549,Pinchote,Santander,Andina,Sexta
68572,Puente Nacional,Santander,Andina,Sexta
68573,Puerto Parra,Santander,Andina,Sexta
68575,Puerto Wilches,Santander,Andina,Sexta
68615,Rionegro,Santander,Andina,Sexta
68655,Sabana de Torres,Santander,Andina,Sexta
68669,San Andrés,Santander,Andina,Sexta
68673,San Benito,Santander,Andina,Sexta
68679,San Gil,Santander,Andina,Sexta
68682,San Joaquín,Santander,Andina,Sexta
68684,San José de Miranda,Santander,Andina,Sexta
68686,San Miguel,Santander,Andina,Sexta
68689,San Vicente de Chucurí,Santander,Andina,Sexta
68705,Santa Bárbara,Santander,Andina,Sexta
68720,Santa Helena del Opón,Santander,Andina,Sexta
68745,Simacota,Santander,Andina,Sexta
68755,Socorro,Santander,Andina,Sexta
68770,Suaita,Santander,Andina,Sexta
68773,Sucre,Santander,Andina,Sexta
68780,Suratá,Santander,Andina,Sexta
68820,Tona,Santander,Andina,Sexta
68855,Valle de San José,Santander,Andina,Sexta
68861,Vélez,Santander,Andina,Sexta
68867,Vetas,Santander,Andina,Sexta
68872,Villanueva,Santander,Andina,Sexta
68895,Zapatoca,Santander,Andina,Sexta
70001,Sincelejo,Sucre,Caribe,Sexta
70110,Buenavista,Sucre,Caribe,Sexta
70124,Caimito,Sucre,Caribe,Sexta
70204,Coloso,Sucre,Caribe,Sexta
70215,Corozal,Sucre,Caribe,Sexta
70221,Coveñas,Sucre,Caribe,Sexta
70230,Chalán,Sucre,Caribe,Sexta
70233,El Roble,Sucre,Caribe,Sexta
70235,Galeras,Sucre,Caribe,Sexta
70265,Guaranda,Sucre,Caribe,Sexta
70400,La Unión,Sucre,Caribe,Sexta
70418,Los Palmitos,Sucre,Caribe,Sexta
70429,Majagual,Sucre,Caribe,Sexta
70473,Morroa,Sucre,Caribe,Sexta
70508,Ovejas,Sucre,Caribe,Sexta
70523,Palmito,Sucre,Caribe,Sexta
70670,Sampués,Sucre,Caribe,Sexta
70678,San Benito Abad,Sucre,Caribe,Sexta
70702,San Juan de Betulia,Sucre,Caribe,Sexta
70708,San Marcos,Sucre,Caribe,Sexta
70713,San Onofre,Sucre,Caribe,Sexta
70717,San Pedro,Sucre,Caribe,Sexta
70742,San Luis de Sincé,Sucre,Caribe,Sexta
70771,Sucre,Sucre,Caribe,Sexta
70820,Santiago de Tolú,Sucre,Caribe,Sexta
70823,Tolú Viejo,Sucre,Caribe,Sexta
73001,Ibagué,Tolima,Andina,Sexta
73024,Alpujarra,Tolima,Andina,Sexta
73026,Alvarado,Tolima,Andina,Sexta
73030,Ambalema,Tolima,Andina,Sexta
73043,Anzoátegui,Tolima,Andina,Sexta
73055,Armero,Tolima,Andina,Sexta
73067,Ataco,Tolima,Andina,Sexta
73124,Cajamarca,Tolima,Andina,Sexta
73148,Carmen de Apicalá,Tolima,Andina,Sexta
73152,Casabianca,Tolima,Andina,Sexta
73168,Chaparral,Tolima,Andina,Sexta
73200,Coello,Tolima,Andina,Sexta
73217,Coyaima,Tolima,Andina,Sexta
73226,Cunday,Tolima,Andina,Sexta
73236,Dolores,Tolima,Andina,Sexta
73268,Espinal,Tolima,Andina,Sexta
73270,Falan,Tolima,Andina,Sexta
73275,Flandes,Tolima,Andina,Sexta
73283,Fresno,Tolima,Andina,Sexta
73319,Guamo,Tolima,Andina,Sexta
73347,Herveo,Tolima,Andina,Sexta
73349,Honda,Tolima,Andina,Sexta
73352,Icononzo,Tolima,Andina,Sexta
73408,Lérida,Tolima,Andina,Sexta
73411,Líbano,Tolima,Andina,Sexta
73443,Mariquita,Tolima,Andina,Sexta
73449,Melgar,Tolima,Andina,Sexta
73461,Murillo,Tolima,Andina,Sexta
73483,Natagaima,Tolima,Andina,Sexta
73504,Ortega,Tolima,Andina,Sexta
73520,Palocabildo,Tolima,Andina,Sexta
73547,Piedras,Tolima,Andina,Sexta
73555,Planadas,Tolima,Andina,Sexta
73563,Prado,Tolima,Andina,Sexta
73585,Purificación,Tolima,Andina,Sexta
73616,Rioblanco,Tolima,Andina,Sexta
73622,Roncesvalles,Tolima,Andina,Sexta
73624,Rovira,Tolima,Andina,Sexta
73671,Saldaña,Tolima,Andina,Sexta
73675,San Antonio,Tolima,Andina,Sexta
73678,San Luis,Tolima,Andina,Sexta
73686,Santa Isabel,Tolima,Andina,Sexta
73770,Suárez,Tolima,Andina,Sexta
73854,Valle de San Juan,Tolima,Andina,Sexta
73861,Venadillo,Tolima,Andina,Sexta
73870,Villahermosa,Tolima,Andina,Sexta
73873,Villarrica,Tolima,Andina,Sexta
76001,Cali,Valle del Cauca,Pacífico,Especial
76020,Alcalá,Valle del Cauca,Pacífico,Sexta
76036,Andalucía,Valle del Cauca,Pacífico,Sexta
76041,Ansermanuevo,Valle del Cauca,Pacífico,Sexta
76054,Argelia,Valle del Cauca,Pacífico,Sexta
76100,Bolívar,Valle del Cauca,Pacífico,Sexta
76109,Buenaventura,Valle del Cauca,Pacífico,Sexta
76111,Guadalajara de Buga,Valle del Cauca,Pacífico,Sexta
76113,Bugalagrande,Valle del Cauca,Pacífico,Sexta
76122,Caicedonia,Valle del Cauca,Pacífico,Sexta
76126,Calima,Valle del Cauca,Pacífico,Sexta
76130,Candelaria,Valle del Cauca,Pacífico,Sexta
76147,Cartago,Valle del Cauca,Pacífico,Sexta
76233,Dagua,Valle del Cauca,Pacífico,Sexta
76243,El Águila,Valle del Cauca,Pacífico,Sexta
76246,El Cairo,Valle del Cauca,Pacífico,Sexta
76248,El Cerrito,Valle del Cauca,Pacífico,Sexta
76250,El Dovio,Valle del Cauca,Pacífico,Sexta
76275,Florida,Valle del Cauca,Pacífico,Sexta
76306,Ginebra,Valle del Cauca,Pacífico,Sexta
76318,Guacarí,Valle del Cauca,Pacífico,Sexta
76364,Jamundí,Valle del Cauca,Pacífico,Sexta
76377,La Cumbre,Valle del Cauca,Pacífico,Sexta
76400,La Unión,Valle del Cauca,Pacífico,Sexta
76403,La Victoria,Valle del Cauca,Pacífico,Sexta
76497,Obando,Valle del Cauca,Pacífico,Sexta
76520,Palmira,Valle del Cauca,Pacífico,Sexta
76563,Pradera,Valle del Cauca,Pacífico,Sexta
76606,Restrepo,Valle del Cauca,Pacífico,Sexta
76616,Riofrío,Valle del Cauca,Pacífico,Sexta
76622,Roldanillo,Valle del Cauca,Pacífico,Sexta
76670,San Pedro,Valle del Cauca,Pacífico,Sexta
76736,Sevilla,Valle del Cauca,Pacífico,Sexta
76823,Toro,Valle del Cauca,Pacífico,Sexta
76828,Trujillo,Valle del Cauca,Pacífico,Sexta
76834,Tuluá,Valle del Cauca,Pacífico,Sexta
76845,Ulloa,Valle del Cauca,Pacífico,Sexta
76863,Versalles,Valle del Cauca,Pacífico,Sexta
76869,Vijes,Valle del Cauca,Pacífico,Sexta
76890,Yotoco,Valle del Cauca,Pacífico,Sexta
76892,Yumbo,Valle del Cauca,Pacífico,Sexta
76895,Zarzal,Valle del Cauca,Pacífico,Sexta
81001,Arauca,Arauca,Llanos,Sexta
81065,Arauquita,Arauca,Llanos,Sexta
81220,Cravo Norte,Arauca,Llanos,Sexta
81300,Fortul,Arauca,Llanos,Sexta
81591,Puerto Rondón,Arauca,Llanos,Sexta
81736,Saravena,Arauca,Llanos,Sexta
81794,Tame,Arauca,Llanos,Sexta
85001,Yopal,Casanare,Llanos,Sexta
85010,Aguazul,Casanare,Llanos,Sexta
85015,Chameza,Casanare,Llanos,Sexta
85125,Hato Corozal,Casanare,Llanos,Sexta
85136,La Salina,Casanare,Llanos,Sexta
85139,Maní,Casanare,Llanos,Sexta
85162,Monterrey,Casanare,Llanos,Sexta
85225,Nunchía,Casanare,Llanos,Sexta
85230,Orocué,Casanare,Llanos,Sexta
85250,Paz de Ariporo,Casanare,Llanos,Sexta
85263,Pore,Casanare,Llanos,Sexta
85279,Recetor,Casanare,Llanos,Sexta
85300,Sabanalarga,Casanare,Llanos,Sexta
85315,Sácama,Casanare,Llanos,Sexta
85325,San Luis de Palenque,Casanare,Llanos,Sexta
85400,Támara,Casanare,Llanos,Sexta
85410,Tauramena,Casanare,Llanos,Sexta
85430,Trinidad,Casanare,Llanos,Sexta
85440,Villanueva,Casanare,Llanos,Sexta
86001,Mocoa,Putumayo,Amazonia,Sexta
86219,Colón,Putumayo,Amazonia,Sexta
86320,Orito,Putumayo,Amazonia,Sexta
86568,Puerto Asís,Putumayo,Amazonia,Sexta
86569,Puerto Caicedo,Putumayo,Amazonia,Sexta
86571,Puerto Guzmán,Putumayo,Amazonia,Sexta
86573,Leguízamo,Putumayo,Amazonia,Sexta
86749,Sibundoy,Putumayo,Amazonia,Sexta
86755,San Francisco,Putumayo,Amazonia,Sexta
86757,San Miguel,Putumayo,Amazonia,Sexta
86760,Santiago,Putumayo,Amazonia,Sexta
86865,Valle del Guamuez,Putumayo,Amazonia,Sexta
86885,Villagarzón,Putumayo,Amazonia,Sexta
88001,San Andrés,San Andrés y Providencia,Caribe,Sexta
88564,Providencia,San Andrés y Providencia,Caribe,Sexta
91001,Leticia,Amazonas,Amazonia,Sexta
91263,El Encanto (anm),Amazonas,Amazonia,Sexta
91405,La Chorrera (anm),Amazonas,Amazonia,Sexta
91407,La Pedrera (anm),Amazonas,Amazonia,Sexta
91430,La Victoria (anm),Amazonas,Amazonia,Sexta
91460,Miriti - Paraná (anm),Amazonas,Amazonia,Sexta
91530,Puerto Alegría (anm),Amazonas,Amazonia,Sexta
91536,Puerto Arica (anm),Amazonas,Amazonia,Sexta
91540,Puerto Nariño,Amazonas,Amazonia,Sexta
91669,Puerto Santander (anm),Amazonas,Amazonia,Sexta
91798,Tarapacá (anm),Amazonas,Amazonia,Sexta
94001,Inírida,Guainía,Amazonia,Sexta
94343,Barranco Minas (anm),Guainía,Amazonia,Sexta
94663,Mapiripana (anm),Guainía,Amazonia,Sexta
94883,San Felipe (anm),Guainía,Amazonia,Sexta
94884,Puerto Colombia (anm),Guainía,Amazonia,Sexta
94885,La Guadalupe (anm),Guainía,Amazonia,Sexta
94886,Cacahual (anm),Guainía,Amazonia,Sexta
94887,Pana Pana (anm),Guainía,Amazonia,Sexta
94888,Morichal (anm),Guainía,Amazonia,Sexta
95001,San José del Guaviare,Guaviare,Amazonia,Sexta
95015,Calamar,Guaviare,Amazonia,Sexta
95025,El Retorno,Guaviare,Amazonia,Sexta
95200,Miraflores,Guaviare,Amazonia,Sexta
97001,Mitú,Vaupés,Amazonia,Sexta
97161,Caruru,Vaupés,Amazonia,Sexta
97511,Pacoa (anm),Vaupés,Amazonia,Sexta
97666,Taraira,Vaupés,Amazonia,Sexta
97777,Papunaua (anm),Vaupés,Amazonia,Sexta
97889,Yavaraté (anm),Vaupés,Amazonia,Sexta
99001,Puerto Carreño,Vichada,Llanos,Sexta
99524,La Primavera,Vichada,Llanos,Sexta
99624,Santa Rosalía,Vichada,Llanos,Sexta
99773,Cumaribo,Vichada,Llanos,Sexta
